timestamp,distance,volume
2019-03-12 12:16:48,53.1,41
2019-03-12 12:28:24,43.2,52
2019-03-12 12:33:09,48.6,46
2019-03-12 12:37:55,49.5,45
2019-03-12 12:42:40,49.5,45
2019-03-12 13:10:56,43.2,52
2019-03-12 13:15:41,49.5,45
2019-03-12 13:20:27,36.0,60
2019-03-12 13:34:40,52.2,42
2019-03-12 13:35:18,52.2,42
2019-03-12 13:40:04,52.2,42
2019-03-12 13:44:49,51.3,43
2019-03-12 13:49:34,49.5,45
2019-03-12 13:54:19,49.5,45
2019-03-12 13:59:05,49.5,45
2019-03-12 14:03:50,49.5,45
2019-03-12 14:08:35,52.2,42
2019-03-12 15:14:40,54.0,40
2019-03-12 15:19:33,54.0,40
2019-03-12 15:24:24,38.7,57
2019-03-12 15:29:09,49.5,45
2019-03-12 15:33:56,50.4,44
2019-03-12 15:39:11,50.4,44
2019-03-12 15:44:01,44.1,51
2019-03-12 15:48:47,38.7,57
2019-03-12 15:53:34,39.6,56
2019-03-12 15:58:22,39.6,56
2019-03-12 16:03:12,40.5,55
2019-03-12 16:07:57,41.4,54
2019-03-12 16:12:43,45.0,50
2019-03-12 16:17:35,48.6,46
2019-03-12 16:22:27,46.8,48
2019-03-12 16:27:13,44.1,51
2019-03-12 16:31:59,41.4,54
2019-03-12 16:36:47,39.6,56
2019-03-12 16:41:36,39.6,56
2019-03-12 16:48:40,38.7,57
2019-03-12 16:53:26,39.6,56
2019-03-12 16:58:10,38.7,57
2019-03-12 17:02:56,39.6,56
2019-03-12 17:07:40,39.6,56
2019-03-12 17:17:13,39.6,56
2019-03-12 17:22:02,40.5,55
2019-03-12 17:26:47,40.5,55
2019-03-12 17:31:42,40.5,55
2019-03-12 17:36:41,40.5,55
2019-03-12 17:41:27,42.3,53
2019-03-12 17:50:58,42.3,53
2019-03-12 17:55:43,43.2,52
2019-03-12 18:00:42,43.2,52
2019-03-12 18:05:28,43.2,52
2019-03-12 18:10:13,43.2,52
2019-03-12 18:19:44,44.1,51
2019-03-12 18:24:29,44.1,51
2019-03-12 18:29:14,44.1,51
2019-03-12 18:34:00,43.2,52
2019-03-12 18:38:45,44.1,51
2019-03-12 18:43:31,44.1,51
2019-03-12 18:48:16,45.0,50
2019-03-12 19:01:21,54.0,40
2019-03-12 19:06:02,56.7,37
2019-03-12 19:10:50,44.1,51
2019-03-12 19:15:37,44.1,51
2019-03-12 19:20:23,45.0,50
2019-03-12 19:25:08,54.0,40
2019-03-12 19:29:53,50.4,44
2019-03-12 19:34:39,28.8,68
2019-03-12 19:39:24,25.2,72
2019-03-12 19:44:09,24.3,73
2019-03-12 19:53:36,29.7,67
2019-03-12 19:58:24,35.1,61
2019-03-12 20:03:12,27.9,69
2019-03-12 20:12:40,31.5,65
2019-03-12 20:17:25,31.5,65
2019-03-12 20:22:10,30.6,66
2019-03-12 20:26:57,30.6,66
2019-03-12 20:31:41,29.7,67
2019-03-12 20:41:12,30.6,66
2019-03-12 20:45:57,29.7,67
2019-03-12 20:55:27,29.7,67
2019-03-12 21:00:12,29.7,67
2019-03-12 21:05:00,29.7,67
2019-03-12 21:09:48,29.7,67
2019-03-12 21:14:34,30.6,66
2019-03-12 21:19:21,30.6,66
2019-03-12 21:24:07,29.7,67
2019-03-12 21:28:52,30.6,66
2019-03-12 21:33:48,30.6,66
2019-03-12 21:38:46,30.6,66
2019-03-12 21:43:32,29.7,67
2019-03-12 21:48:17,28.8,68
2019-03-12 21:53:05,27.9,69
2019-03-12 22:07:18,43.2,52
2019-03-12 22:12:03,45.9,49
2019-03-12 22:16:48,42.3,53
2019-03-12 22:21:34,42.3,53
2019-03-12 22:26:19,41.4,54
2019-03-12 22:40:29,51.3,43
2019-03-12 22:45:15,51.3,43
2019-03-12 22:50:00,51.3,43
2019-03-12 23:04:10,51.3,43
2019-03-12 23:08:55,49.5,45
2019-03-12 23:13:40,48.6,46
2019-03-12 23:18:26,49.5,45
2019-03-12 23:23:11,50.4,44
2019-03-12 23:27:56,47.7,47
2019-03-12 23:32:41,47.7,47
2019-03-12 23:42:12,47.7,47
2019-03-12 23:46:58,47.7,47
2019-03-12 23:51:43,47.7,47
2019-03-12 23:56:28,47.7,47
2019-03-13 00:01:14,47.7,47
2019-03-13 00:05:59,46.8,48
2019-03-13 00:10:46,46.8,48
2019-03-13 00:15:34,46.8,48
2019-03-13 00:20:19,46.8,48
2019-03-13 00:25:06,46.8,48
2019-03-13 00:29:54,46.8,48
2019-03-13 00:34:39,46.8,48
2019-03-13 00:39:26,46.8,48
2019-03-13 00:44:14,46.8,48
2019-03-13 00:49:00,45.9,49
2019-03-13 00:53:45,46.8,48
2019-03-13 00:58:30,46.8,48
2019-03-13 01:03:16,45.9,49
2019-03-13 01:08:01,45.9,49
2019-03-13 01:19:11,43.2,52
2019-03-13 01:23:59,44.1,51
2019-03-13 01:28:44,42.3,53
2019-03-13 01:38:14,41.4,54
2019-03-13 01:43:00,41.4,54
2019-03-13 01:47:45,41.4,54
2019-03-13 01:52:30,41.4,54
2019-03-13 01:57:18,40.5,55
2019-03-13 02:02:08,40.5,55
2019-03-13 02:06:57,40.5,55
2019-03-13 02:11:42,40.5,55
2019-03-13 02:16:27,40.5,55
2019-03-13 02:21:13,39.6,56
2019-03-13 02:26:04,40.5,55
2019-03-13 02:30:49,39.6,56
2019-03-13 02:35:34,40.5,55
2019-03-13 02:40:19,40.5,55
2019-03-13 02:45:05,40.5,55
2019-03-13 02:49:50,40.5,55
2019-03-13 02:54:35,40.5,55
2019-03-13 02:59:20,40.5,55
2019-03-13 03:04:06,39.6,56
2019-03-13 03:08:51,40.5,55
2019-03-13 03:13:36,40.5,55
2019-03-13 03:18:21,40.5,55
2019-03-13 03:23:07,39.6,56
2019-03-13 03:27:52,39.6,56
2019-03-13 03:32:38,39.6,56
2019-03-13 03:37:23,40.5,55
2019-03-13 03:42:09,40.5,55
2019-03-13 03:46:59,40.5,55
2019-03-13 03:51:47,40.5,55
2019-03-13 03:56:32,40.5,55
2019-03-13 04:01:18,40.5,55
2019-03-13 04:06:03,40.5,55
2019-03-13 04:10:49,40.5,55
2019-03-13 04:15:37,40.5,55
2019-03-13 04:20:23,40.5,55
2019-03-13 04:25:08,41.4,54
2019-03-13 04:29:54,41.4,54
2019-03-13 04:34:39,40.5,55
2019-03-13 04:39:24,41.4,54
2019-03-13 04:44:09,41.4,54
2019-03-13 04:50:39,41.4,54
2019-03-13 04:55:19,41.4,54
2019-03-13 05:04:51,41.4,54
2019-03-13 05:09:39,41.4,54
2019-03-13 05:14:25,41.4,54
2019-03-13 05:19:10,41.4,54
2019-03-13 05:23:55,42.3,53
2019-03-13 05:28:40,42.3,53
2019-03-13 05:33:25,42.3,53
2019-03-13 05:38:11,42.3,53
2019-03-13 05:42:56,42.3,53
2019-03-13 05:47:41,42.3,53
2019-03-13 05:52:26,42.3,53
2019-03-13 06:04:25,45.0,50
2019-03-13 06:09:10,44.1,51
2019-03-13 06:13:55,45.0,50
2019-03-13 06:18:40,45.0,50
2019-03-13 06:23:25,41.4,54
2019-03-13 06:28:10,41.4,54
2019-03-13 06:32:57,41.4,54
2019-03-13 06:37:46,42.3,53
2019-03-13 06:42:31,42.3,53
2019-03-13 06:47:17,42.3,53
2019-03-13 06:52:02,42.3,53
2019-03-13 06:56:47,45.0,50
2019-03-13 07:03:15,45.0,50
2019-03-13 07:07:54,46.8,48
2019-03-13 07:12:39,45.9,49
2019-03-13 07:17:24,46.8,48
2019-03-13 07:22:10,46.8,48
2019-03-13 07:26:55,42.3,53
2019-03-13 07:31:40,41.4,54
2019-03-13 07:36:26,41.4,54
2019-03-13 07:41:11,41.4,54
2019-03-13 07:45:56,41.4,54
2019-03-13 07:50:41,41.4,54
2019-03-13 07:55:27,41.4,54
2019-03-13 08:00:12,41.4,54
2019-03-13 08:04:57,41.4,54
2019-03-13 08:09:42,41.4,54
2019-03-13 08:14:28,41.4,54
2019-03-13 08:19:13,41.4,54
2019-03-13 08:23:58,41.4,54
2019-03-13 08:28:45,41.4,54
2019-03-13 08:33:33,41.4,54
2019-03-13 08:38:18,41.4,54
2019-03-13 08:43:03,41.4,54
2019-03-13 08:47:48,42.3,53
2019-03-13 08:52:33,42.3,53
2019-03-13 08:57:18,41.4,54
2019-03-13 09:02:04,42.3,53
2019-03-13 09:06:51,42.3,53
2019-03-13 09:11:39,42.3,53
2019-03-13 09:16:24,42.3,53
2019-03-13 09:21:09,42.3,53
2019-03-13 09:25:54,42.3,53
2019-03-13 09:30:41,41.4,54
2019-03-13 09:35:30,41.4,54
2019-03-13 09:40:18,42.3,53
2019-03-13 09:45:03,42.3,53
2019-03-13 09:49:48,42.3,53
2019-03-13 09:54:34,42.3,53
2019-03-13 09:59:19,42.3,53
2019-03-13 10:04:04,42.3,53
2019-03-13 10:08:49,42.3,53
2019-03-13 10:13:35,42.3,53
2019-03-13 10:18:20,41.4,54
2019-03-13 10:23:06,41.4,54
2019-03-13 10:29:40,42.3,53
2019-03-13 10:34:20,41.4,54
2019-03-13 10:37:41,127.8,0
2019-03-13 10:40:48,1.6,98
2019-03-13 10:41:12,1.75,98
2019-03-13 10:41:36,1.75,98
2019-03-13 10:42:01,1.75,98
2019-03-13 10:42:25,1.75,98
2019-03-13 10:42:49,1.75,98
2019-03-13 10:43:14,1.75,98
2019-03-13 10:43:39,1.75,98
2019-03-13 10:44:03,1.75,98
2019-03-13 10:44:28,1.75,98
2019-03-13 10:44:52,1.75,98
2019-03-13 10:45:53,28.0,68
2019-03-13 10:46:18,28.0,68
2019-03-13 10:46:42,28.0,68
2019-03-13 10:47:06,28.0,68
2019-03-13 10:47:32,28.0,68
2019-03-13 10:47:56,28.0,68
2019-03-13 10:48:21,27.2,69
2019-03-13 10:48:46,28.0,68
2019-03-13 10:49:49,27.2,69
2019-03-13 10:50:14,27.2,69
2019-03-13 10:50:38,27.2,69
2019-03-13 10:51:03,27.2,69
2019-03-13 10:51:51,28.8,68
2019-03-13 10:52:18,28.8,68
2019-03-13 10:52:43,28.8,68
2019-03-13 10:53:10,28.8,68
2019-03-13 10:53:34,29.6,67
2019-03-13 10:54:32,31.2,65
2019-03-13 10:59:49,1.95,97
2019-03-13 11:01:00,1.75,98
2019-03-13 11:01:24,1.75,98
2019-03-13 11:01:50,1.75,98
2019-03-13 11:02:15,2.0,97
2019-03-13 11:04:52,22.4,75
2019-03-13 11:05:18,22.4,75
2019-03-13 11:05:45,22.4,75
2019-03-13 11:06:42,23.2,74
2019-03-13 11:06:47,27.04,69
2019-03-13 11:06:52,27.808000000000000,69
2019-03-13 11:06:57,27.9616,68
2019-03-13 11:07:03,27.99232,68
2019-03-13 11:07:08,27.998460000000000,68
2019-03-13 11:07:13,27.99969,68
2019-03-13 11:07:18,27.999940000000000,68
2019-03-13 11:07:23,27.999990000000000,68
2019-03-13 11:07:29,28.0,68
2019-03-13 11:07:34,28.0,68
2019-03-13 11:07:39,28.0,68
2019-03-13 11:07:44,33.6,62
2019-03-13 11:07:49,29.12,67
2019-03-13 11:07:54,27.424,69
2019-03-13 11:07:59,26.2848,70
2019-03-13 11:08:05,24.456960000000000,72
2019-03-13 11:08:10,24.09139,73
2019-03-13 11:08:15,24.018280000000000,73
2019-03-13 11:08:20,24.00366,73
2019-03-13 11:08:25,24.000730000000000,73
2019-03-13 11:08:30,24.00015,73
2019-03-13 11:08:36,24.00003,73
2019-03-13 11:08:41,24.00001,73
2019-03-13 11:08:46,24.0,73
2019-03-13 11:08:51,24.0,73
2019-03-13 11:08:56,24.0,73
2019-03-13 11:09:01,24.0,73
2019-03-13 11:09:06,24.0,73
2019-03-13 11:09:12,24.0,73
2019-03-13 11:09:17,24.0,73
2019-03-13 11:09:22,24.0,73
2019-03-13 11:09:27,24.0,73
2019-03-13 11:09:35,24.0,73
2019-03-13 11:09:40,24.0,73
2019-03-13 11:09:45,24.0,73
2019-03-13 11:09:51,24.0,73
2019-03-13 11:09:56,24.0,73
2019-03-13 11:10:01,29.6,67
2019-03-13 11:10:06,30.72,65
2019-03-13 11:10:11,26.144000000000000,70
2019-03-13 11:10:16,38.0288,57
2019-03-13 11:10:21,40.40576,55
2019-03-13 11:10:26,34.48115,61
2019-03-13 11:10:31,33.29623,63
2019-03-13 11:10:36,30.65925,65
2019-03-13 11:10:41,30.13185,66
2019-03-13 11:10:49,30.02637,66
2019-03-13 11:10:54,30.00527,66
2019-03-13 11:10:59,30.00105,66
2019-03-13 11:11:04,30.00021,66
2019-03-13 11:11:09,30.000040000000000,66
2019-03-13 11:11:14,30.000010000000000,66
2019-03-13 11:11:19,30.0,66
2019-03-13 11:11:24,30.0,66
2019-03-13 11:11:29,30.0,66
2019-03-13 11:11:35,30.0,66
2019-03-13 11:11:40,30.0,66
2019-03-13 11:11:45,30.0,66
2019-03-13 11:11:50,30.0,66
2019-03-13 11:11:55,30.0,66
2019-03-13 11:12:00,30.0,66
2019-03-13 11:12:05,30.0,66
2019-03-13 11:12:10,30.0,66
2019-03-13 11:12:15,30.0,66
2019-03-13 11:12:20,30.0,66
2019-03-13 11:12:25,30.0,66
2019-03-13 11:12:31,30.0,66
2019-03-13 11:12:36,30.0,66
2019-03-13 11:12:41,30.0,66
2019-03-13 11:12:46,30.0,66
2019-03-13 11:12:51,30.0,66
2019-03-13 11:12:56,30.0,66
2019-03-13 11:13:01,30.0,66
2019-03-13 11:13:06,30.0,66
2019-03-13 11:13:11,30.0,66
2019-03-13 11:13:16,30.0,66
2019-03-13 11:13:21,30.0,66
2019-03-13 11:13:26,30.0,66
2019-03-13 11:13:32,30.0,66
2019-03-13 11:13:37,30.0,66
2019-03-13 11:13:42,30.0,66
2019-03-13 11:14:21,24.0,73
2019-03-13 11:14:46,24.8,72
2019-03-13 11:15:10,24.8,72
2019-03-13 11:15:34,24.8,72
2019-03-13 11:15:59,24.8,72
2019-03-13 11:16:53,24.0,73
2019-03-13 11:17:17,24.0,73
2019-03-13 11:17:41,24.0,73
2019-03-13 11:18:07,24.0,73
2019-03-13 11:18:47,24.0,73
2019-03-13 11:19:12,24.0,73
2019-03-13 11:19:56,24.8,72
2019-03-13 11:20:21,24.8,72
2019-03-13 11:20:45,24.8,72
2019-03-13 11:21:10,24.8,72
2019-03-13 11:21:35,24.8,72
2019-03-13 11:21:59,24.8,72
2019-03-13 11:22:24,24.8,72
2019-03-13 11:22:48,24.0,73
2019-03-13 11:40:48,24.0,73
2019-03-13 11:41:13,24.0,73
2019-03-13 11:41:37,24.0,73
2019-03-13 11:42:02,24.0,73
2019-03-13 11:42:26,24.0,73
2019-03-13 11:42:51,24.0,73
2019-03-13 11:43:15,24.0,73
2019-03-13 11:43:40,24.0,73
2019-03-13 11:44:04,24.0,73
2019-03-13 11:44:28,24.0,73
2019-03-13 11:44:54,24.0,73
2019-03-13 11:45:20,24.0,73
2019-03-13 11:46:05,24.0,73
2019-03-13 11:46:29,24.0,73
2019-03-13 11:57:43,24.8,72
2019-03-13 11:57:49,28.96,67
2019-03-13 11:57:54,29.792000000000000,66
2019-03-13 11:57:59,29.9584,66
2019-03-13 11:59:42,23.2,74
2019-03-13 11:59:47,27.84,69
2019-03-13 11:59:52,28.768,68
2019-03-13 11:59:57,28.9536,67
2019-03-13 12:00:02,28.99072,67
2019-03-13 12:00:08,28.998140000000000,67
2019-03-13 12:00:50,23.2,74
2019-03-13 12:00:55,27.84,69
2019-03-13 12:01:46,23.2,74
2019-03-13 12:01:51,27.84,69
2019-03-13 12:01:56,28.768,68
2019-03-13 12:02:01,28.9536,67
2019-03-13 12:02:06,28.99072,67
2019-03-13 12:02:12,28.998140000000000,67
2019-03-13 12:02:17,28.99963,67
2019-03-13 12:02:22,28.99993,67
2019-03-13 12:02:27,28.999980000000000,67
2019-03-13 12:02:32,29.0,67
2019-03-13 12:02:38,29.0,67
2019-03-13 12:02:43,29.0,67
2019-03-13 12:02:48,29.0,67
2019-03-13 12:02:53,29.0,67
2019-03-13 12:02:58,29.0,67
2019-03-13 12:03:03,29.0,67
2019-03-13 12:03:09,29.0,67
2019-03-13 12:03:19,29.0,67
2019-03-13 12:03:24,29.0,67
2019-03-13 12:03:29,29.0,67
2019-03-13 12:03:34,29.0,67
2019-03-13 12:03:40,29.0,67
2019-03-13 12:03:45,29.0,67
2019-03-13 12:03:50,29.0,67
2019-03-13 12:03:55,29.0,67
2019-03-13 12:04:00,29.0,67
2019-03-13 12:04:06,29.0,67
2019-03-13 12:04:11,29.0,67
2019-03-13 12:04:16,29.0,67
2019-03-13 12:04:21,29.0,67
2019-03-13 12:04:26,29.0,67
2019-03-13 12:04:31,29.0,67
2019-03-13 12:04:37,29.0,67
2019-03-13 12:04:42,29.0,67
2019-03-13 12:04:47,29.0,67
2019-03-13 12:04:52,29.0,67
2019-03-13 12:04:57,29.0,67
2019-03-13 12:05:02,28.2,68
2019-03-13 12:05:08,28.84,67
2019-03-13 12:05:13,28.968000000000000,67
2019-03-13 12:05:18,28.9936,67
2019-03-13 12:05:25,28.998720000000000,67
2019-03-13 12:05:31,28.999740000000000,67
2019-03-13 12:05:36,28.99995,67
2019-03-13 12:05:41,28.199990000000000,68
2019-03-13 12:05:46,28.84,67
2019-03-13 12:05:51,28.168000000000000,68
2019-03-13 12:17:12,23.2,74
2019-03-13 12:18:12,22.4,75
2019-03-13 12:18:37,23.2,74
2019-03-13 12:19:01,22.4,75
2019-03-13 12:19:26,22.4,75
2019-03-13 12:20:22,22.4,75
2019-03-13 12:20:47,22.4,75
2019-03-14 13:02:19,29.75,66
2019-03-14 13:02:42,31.45,65
2019-03-14 15:44:17,64.6,28
2019-03-14 15:49:01,56.95,36
2019-03-14 16:03:48,58.65,34
2019-03-14 16:13:20,45.9,49
2019-03-14 16:23:02,35.7,60
2019-03-14 16:28:02,34.0,62
2019-03-14 16:32:49,33.15,63
2019-03-14 19:16:50,40.8,54
2019-03-14 19:21:35,40.8,54
2019-03-14 19:26:19,41.65,53
2019-03-14 19:35:49,53.55,40
2019-03-14 19:46:11,19.55,78
2019-03-14 19:50:55,20.4,77
2019-03-14 19:55:41,20.4,77
2019-03-14 20:00:31,20.4,77
2019-03-14 20:05:15,20.4,77
2019-03-14 20:09:59,20.4,77
2019-03-14 20:14:44,20.4,77
2019-03-14 20:19:29,20.4,77
2019-03-14 20:24:13,20.4,77
2019-03-14 20:28:58,20.4,77
2019-03-14 20:33:42,20.4,77
2019-03-14 20:38:27,20.4,77
2019-03-14 20:47:56,20.4,77
2019-03-14 20:52:41,20.4,77
2019-03-14 20:57:29,20.4,77
2019-03-14 21:02:21,20.4,77
2019-03-14 21:07:11,20.4,77
2019-03-14 21:11:56,20.4,77
2019-03-14 21:16:40,20.4,77
2019-03-14 21:26:27,20.4,77
2019-03-14 21:31:05,20.4,77
2019-03-14 21:35:51,20.4,77
2019-03-14 21:40:38,20.4,77
2019-03-14 21:51:27,41.65,53
2019-03-14 21:56:10,63.75,29
2019-03-14 22:00:54,62.9,30
2019-03-14 22:05:40,63.75,29
2019-03-14 22:10:24,64.6,28
2019-03-14 22:15:37,70.55,21
2019-03-14 22:20:27,50.15,44
2019-03-14 22:25:18,44.2,50
2019-03-14 22:30:06,56.95,36
2019-03-14 22:34:51,65.45,27
2019-03-14 22:39:35,59.5,33
2019-03-14 22:44:30,56.1,37
2019-03-14 22:49:16,62.05,31
2019-03-14 22:54:01,43.35,51
2019-03-14 22:58:45,56.1,37
2019-03-14 23:03:30,57.8,35
2019-03-14 23:08:15,56.95,36
2019-03-14 23:12:59,56.95,36
2019-03-14 23:17:43,56.1,37
2019-03-14 23:22:29,52.7,41
2019-03-14 23:27:15,50.15,44
2019-03-14 23:32:02,49.3,45
2019-03-14 23:36:46,47.6,47
2019-03-14 23:41:31,46.75,48
2019-03-14 23:46:16,44.2,50
2019-03-14 23:51:00,44.2,50
2019-03-14 23:55:45,44.2,50
2019-03-15 00:00:39,55.25,38
2019-03-15 00:05:31,55.25,38
2019-03-15 00:10:15,55.25,38
2019-03-15 00:15:00,56.1,37
2019-03-15 00:19:44,50.15,44
2019-03-15 00:24:29,50.15,44
2019-03-15 00:29:14,49.3,45
2019-03-15 00:33:59,49.3,45
2019-03-15 00:38:43,48.45,46
2019-03-15 00:43:28,49.3,45
2019-03-15 00:48:12,48.45,46
2019-03-15 00:52:57,48.45,46
2019-03-15 01:02:26,48.45,46
2019-03-15 01:07:11,48.45,46
2019-03-15 01:11:56,48.45,46
2019-03-15 01:16:41,48.45,46
2019-03-15 01:21:26,48.45,46
2019-03-15 01:26:11,48.45,46
2019-03-15 01:30:58,48.45,46
2019-03-15 01:35:43,47.6,47
2019-03-15 01:40:27,48.45,46
2019-03-15 01:45:12,48.45,46
2019-03-15 01:49:57,48.45,46
2019-03-15 01:54:41,48.45,46
2019-03-15 01:59:26,48.45,46
2019-03-15 02:04:11,48.45,46
2019-03-15 02:08:56,48.45,46
2019-03-15 02:13:40,48.45,46
2019-03-15 02:18:25,48.45,46
2019-03-15 02:23:10,48.45,46
2019-03-15 02:27:54,48.45,46
2019-03-15 02:32:39,48.45,46
2019-03-15 02:37:24,48.45,46
2019-03-15 02:42:09,48.45,46
2019-03-15 02:51:38,48.45,46
2019-03-15 02:56:23,48.45,46
2019-03-15 03:01:07,48.45,46
2019-03-15 03:05:52,48.45,46
2019-03-15 03:10:36,48.45,46
2019-03-15 03:15:21,48.45,46
2019-03-15 03:20:06,48.45,46
2019-03-15 03:24:50,48.45,46
2019-03-15 03:29:35,48.45,46
2019-03-15 03:34:20,48.45,46
2019-03-15 03:39:09,48.45,46
2019-03-15 03:43:56,48.45,46
2019-03-15 03:48:41,48.45,46
2019-03-15 03:53:25,48.45,46
2019-03-15 03:58:10,47.6,47
2019-03-15 04:02:56,48.45,46
2019-03-15 04:07:43,48.45,46
2019-03-15 04:12:27,48.45,46
2019-03-15 04:17:12,47.6,47
2019-03-15 04:21:57,47.6,47
2019-03-15 04:26:41,47.6,47
2019-03-15 04:31:26,47.6,47
2019-03-15 04:36:12,47.6,47
2019-03-15 04:41:00,46.75,48
2019-03-15 04:50:29,46.75,48
2019-03-15 04:55:14,46.75,48
2019-03-15 04:59:58,45.9,49
2019-03-15 05:04:43,45.9,49
2019-03-15 05:09:28,45.9,49
2019-03-15 05:14:12,45.9,49
2019-03-15 05:18:57,45.9,49
2019-03-15 05:23:41,45.9,49
2019-03-15 05:28:26,45.05,49
2019-03-15 05:33:12,45.05,49
2019-03-15 05:38:00,45.05,49
2019-03-15 05:42:45,45.05,49
2019-03-15 05:47:33,45.05,49
2019-03-15 05:52:17,45.05,49
2019-03-15 05:57:02,45.05,49
2019-03-15 06:01:46,45.05,49
2019-03-15 06:06:31,45.05,49
2019-03-15 06:11:16,45.05,49
2019-03-15 06:16:00,45.05,49
2019-03-15 06:23:33,44.2,50
2019-03-15 06:28:12,44.2,50
2019-03-15 06:32:56,44.2,50
2019-03-15 06:37:40,44.2,50
2019-03-15 06:42:25,44.2,50
2019-03-15 06:47:09,45.05,49
2019-03-15 06:51:54,44.2,50
2019-03-15 06:56:39,44.2,50
2019-03-15 07:01:23,45.05,49
2019-03-15 07:06:09,44.2,50
2019-03-15 07:10:57,44.2,50
2019-03-15 07:15:43,44.2,50
2019-03-15 07:20:30,44.2,50
2019-03-15 07:25:15,44.2,50
2019-03-15 07:30:07,44.2,50
2019-03-15 07:34:57,44.2,50
2019-03-15 07:39:42,44.2,50
2019-03-15 07:44:26,44.2,50
2019-03-15 07:49:12,44.2,50
2019-03-15 07:54:00,44.2,50
2019-03-15 08:03:29,44.2,50
2019-03-15 08:08:14,44.2,50
2019-03-15 08:12:58,44.2,50
2019-03-15 10:44:16,43.35,51
2019-03-15 10:49:01,44.2,50
2019-03-15 10:53:46,44.2,50
2019-03-15 10:58:30,45.05,49
2019-03-15 11:03:15,45.05,49
2019-03-15 11:08:00,45.05,49
2019-03-15 11:12:45,45.9,49
2019-03-15 11:17:30,45.9,49
2019-03-15 11:22:14,45.9,49
2019-03-15 11:26:59,45.9,49
2019-03-15 11:31:43,45.9,49
2019-03-15 11:36:29,46.75,48
2019-03-15 11:41:18,46.75,48
2019-03-15 11:46:02,46.75,48
2019-03-15 11:50:49,47.6,47
2019-03-15 11:56:43,47.6,47
2019-03-15 12:01:33,48.45,46
2019-03-15 12:06:17,48.45,46
2019-03-15 12:11:02,48.45,46
2019-03-15 12:20:43,48.45,46
2019-03-15 12:25:31,48.45,46
2019-03-15 12:30:15,48.45,46
2019-03-15 12:35:00,49.3,45
2019-03-15 12:39:46,49.3,45
2019-03-15 12:44:33,49.3,45
2019-03-15 12:49:18,48.45,46
2019-03-15 12:54:02,50.15,44
2019-03-15 12:58:47,53.55,40
2019-03-15 13:03:31,56.1,37
2019-03-15 13:08:16,56.1,37
2019-03-15 13:13:01,56.1,37
2019-03-15 13:18:46,56.1,37
2019-03-15 13:23:36,56.95,36
2019-03-15 13:30:21,56.95,36
2019-03-15 13:35:12,57.8,35
2019-03-15 13:39:58,57.8,35
2019-03-15 13:44:46,57.8,35
2019-03-15 13:49:36,57.8,35
2019-03-15 13:54:24,58.65,34
2019-03-15 13:59:08,58.65,34
2019-03-15 14:03:53,58.65,34
2019-03-15 14:08:37,58.65,34
2019-03-15 14:13:22,58.65,34
2019-03-15 14:18:06,58.65,34
2019-03-15 14:22:51,58.65,34
2019-03-15 14:27:36,58.65,34
2019-03-15 14:32:24,58.65,34
2019-03-15 14:37:09,58.65,34
2019-03-15 14:41:54,59.5,33
2019-03-15 14:46:38,59.5,33
2019-03-15 14:51:23,59.5,33
2019-03-15 14:56:07,59.5,33
2019-03-15 15:07:13,40.8,54
2019-03-15 15:11:57,38.25,57
2019-03-15 15:16:42,38.25,57
2019-03-15 15:21:27,39.1,56
2019-03-15 15:26:12,39.1,56
2019-03-15 15:31:00,39.1,56
2019-03-15 15:35:44,39.1,56
2019-03-15 15:40:30,39.95,55
2019-03-15 15:45:19,40.8,54
2019-03-15 15:50:05,41.65,53
2019-03-15 15:54:50,40.8,54
2019-03-15 15:59:35,39.95,55
2019-03-15 16:04:20,40.8,54
2019-03-15 16:09:05,40.8,54
2019-03-15 16:13:55,40.8,54
2019-03-15 16:23:34,45.9,49
2019-03-15 16:28:22,45.05,49
2019-03-15 16:33:10,45.05,49
2019-03-15 16:37:54,45.9,49
2019-03-15 18:08:25,43.35,51
2019-03-15 18:13:09,43.35,51
2019-03-15 18:17:54,43.35,51
2019-03-15 18:27:49,44.2,50
2019-03-15 18:32:39,44.2,50
2019-03-15 18:42:11,43.35,51
2019-03-15 18:46:56,43.35,51
2019-03-15 18:51:41,43.35,51
2019-03-15 18:56:25,43.35,51
2019-03-15 19:01:10,43.35,51
2019-03-15 19:05:55,43.35,51
2019-03-15 19:10:39,43.35,51
2019-03-15 19:15:24,43.35,51
2019-03-15 19:20:12,42.5,52
2019-03-15 19:25:02,42.5,52
2019-03-15 19:29:47,42.5,52
2019-03-15 19:34:32,41.65,53
2019-03-15 19:39:29,35.7,60
2019-03-15 19:44:22,34.0,62
2019-03-15 19:49:10,34.85,61
2019-03-15 19:53:55,34.0,62
2019-03-15 19:58:39,44.2,50
2019-03-15 20:03:23,43.35,51
2019-03-15 20:08:08,43.35,51
2019-03-15 20:12:53,43.35,51
2019-03-15 20:18:09,43.35,51
2019-03-15 20:33:24,34.85,61
2019-03-15 20:38:09,36.55,59
2019-03-15 20:42:57,41.65,53
2019-03-15 20:47:41,41.65,53
2019-03-15 20:52:30,42.5,52
2019-03-15 20:57:22,41.65,53
2019-03-15 21:02:12,42.5,52
2019-03-15 21:07:02,42.5,52
2019-03-15 21:11:51,42.5,52
2019-03-15 21:16:39,43.35,51
2019-03-15 21:21:34,43.35,51
2019-03-15 21:26:24,43.35,51
2019-03-15 21:31:09,44.2,50
2019-03-15 21:35:54,44.2,50
2019-03-15 21:40:39,44.2,50
2019-03-15 23:25:58,28.9,67
2019-03-15 23:30:44,28.9,67
2019-03-15 23:35:32,28.9,67
2019-03-15 23:40:20,28.05,68
2019-03-15 23:45:04,28.05,68
2019-03-15 23:49:49,27.2,69
2019-03-15 23:54:33,27.2,69
2019-03-15 23:59:18,27.2,69
2019-03-16 00:04:03,27.2,69
2019-03-16 00:08:47,28.9,67
2019-03-16 00:13:32,27.2,69
2019-03-16 00:18:17,27.2,69
2019-03-16 00:23:01,27.2,69
2019-03-16 00:27:46,27.2,69
2019-03-16 00:32:30,28.05,68
2019-03-16 00:37:15,28.9,67
2019-03-16 00:42:01,28.05,68
2019-03-16 00:46:45,28.9,67
2019-03-16 00:56:14,28.9,67
2019-03-16 01:00:59,28.9,67
2019-03-16 01:05:44,28.9,67
2019-03-16 01:10:29,28.9,67
2019-03-16 01:15:13,28.9,67
2019-03-16 01:19:58,28.9,67
2019-03-16 01:29:27,28.9,67
2019-03-16 01:34:12,28.9,67
2019-03-16 01:38:57,28.9,67
2019-03-16 01:43:41,28.9,67
2019-03-16 01:48:25,28.9,67
2019-03-16 01:53:10,28.9,67
2019-03-16 01:57:54,28.9,67
2019-03-16 02:02:39,28.9,67
2019-03-16 02:07:24,28.9,67
2019-03-16 02:12:08,28.9,67
2019-03-16 02:16:53,28.9,67
2019-03-16 02:21:38,28.9,67
2019-03-16 02:26:25,28.9,67
2019-03-16 02:31:11,28.9,67
2019-03-16 02:35:57,28.9,67
2019-03-16 02:40:45,28.9,67
2019-03-16 02:45:30,28.9,67
2019-03-16 02:50:14,28.9,67
2019-03-16 02:55:00,28.9,67
2019-03-16 02:59:49,29.75,66
2019-03-16 03:04:36,29.75,66
2019-03-16 03:09:21,29.75,66
2019-03-16 03:14:06,29.75,66
2019-03-16 03:18:50,29.75,66
2019-03-16 03:23:35,29.75,66
2019-03-16 03:28:19,29.75,66
2019-03-16 03:33:04,29.75,66
2019-03-16 03:37:49,29.75,66
2019-03-16 03:42:34,29.75,66
2019-03-16 03:47:18,29.75,66
2019-03-16 03:52:03,29.75,66
2019-03-16 03:56:48,29.75,66
2019-03-16 04:01:32,29.75,66
2019-03-16 04:06:17,29.75,66
2019-03-16 04:11:02,29.75,66
2019-03-16 04:15:46,29.75,66
2019-03-16 04:20:32,29.75,66
2019-03-16 04:25:17,29.75,66
2019-03-16 04:30:02,29.75,66
2019-03-16 04:34:46,29.75,66
2019-03-16 04:39:31,29.75,66
2019-03-16 04:44:16,29.75,66
2019-03-16 04:53:46,29.75,66
2019-03-16 04:58:31,29.75,66
2019-03-16 05:03:16,29.75,66
2019-03-16 05:12:45,29.75,66
2019-03-16 05:17:30,29.75,66
2019-03-16 05:22:14,29.75,66
2019-03-16 05:26:59,29.75,66
2019-03-16 05:31:44,29.75,66
2019-03-16 05:36:29,29.75,66
2019-03-16 05:41:13,29.75,66
2019-03-16 05:45:58,29.75,66
2019-03-16 05:50:43,29.75,66
2019-03-16 05:55:27,29.75,66
2019-03-16 06:05:01,29.75,66
2019-03-16 06:10:13,29.75,66
2019-03-16 06:15:04,29.75,66
2019-03-16 06:19:48,29.75,66
2019-03-16 06:24:33,29.75,66
2019-03-16 06:29:18,29.75,66
2019-03-16 06:34:02,28.9,67
2019-03-16 06:38:47,28.9,67
2019-03-16 06:43:31,29.75,66
2019-03-16 06:48:16,28.9,67
2019-03-16 06:53:01,29.75,66
2019-03-16 06:57:45,28.9,67
2019-03-16 07:02:30,28.9,67
2019-03-16 07:07:15,29.75,66
2019-03-16 07:12:03,28.9,67
2019-03-16 07:16:47,28.9,67
2019-03-16 07:21:32,29.75,66
2019-03-16 07:26:17,28.9,67
2019-03-16 07:31:05,28.9,67
2019-03-16 07:35:50,28.9,67
2019-03-16 07:40:35,28.9,67
2019-03-16 07:48:09,29.75,66
2019-03-16 07:52:50,28.9,67
2019-03-16 07:57:35,28.9,67
2019-03-16 08:02:19,28.9,67
2019-03-16 08:07:05,28.9,67
2019-03-16 08:11:52,28.9,67
2019-03-16 08:16:37,28.9,67
2019-03-16 08:21:22,28.9,67
2019-03-16 08:26:08,28.9,67
2019-03-16 08:30:52,28.9,67
2019-03-16 08:35:37,28.9,67
2019-03-16 08:40:22,28.9,67
2019-03-16 08:45:07,28.9,67
2019-03-16 08:49:53,28.9,67
2019-03-16 08:54:39,28.9,67
2019-03-16 08:59:23,28.9,67
2019-03-16 09:04:08,28.9,67
2019-03-16 09:08:52,28.9,67
2019-03-16 09:13:37,28.9,67
2019-03-16 09:18:22,28.9,67
2019-03-16 09:23:06,28.9,67
2019-03-16 09:27:52,28.9,67
2019-03-16 09:32:39,28.9,67
2019-03-16 09:37:24,28.9,67
2019-03-16 09:42:09,28.9,67
2019-03-16 09:46:54,28.9,67
2019-03-16 09:51:38,28.9,67
2019-03-16 09:56:27,28.9,67
2019-03-16 10:01:17,28.9,67
2019-03-16 10:06:02,28.9,67
2019-03-16 10:10:46,28.9,67
2019-03-16 10:15:31,28.9,67
2019-03-16 10:20:16,28.9,67
2019-03-16 10:30:05,28.9,67
2019-03-16 10:34:55,28.9,67
2019-03-16 10:39:45,28.9,67
2019-03-16 10:44:33,28.9,67
2019-03-16 10:49:18,28.9,67
2019-03-16 10:54:03,28.9,67
2019-03-16 10:58:48,28.9,67
2019-03-16 11:03:33,28.9,67
2019-03-16 11:08:17,28.9,67
2019-03-16 11:13:02,28.9,67
2019-03-16 11:17:47,28.9,67
2019-03-16 11:22:31,28.9,67
2019-03-16 11:27:16,28.9,67
2019-03-16 11:32:00,28.9,67
2019-03-16 11:36:45,28.9,67
2019-03-16 11:41:30,28.9,67
2019-03-16 11:46:14,28.9,67
2019-03-16 11:50:59,28.9,67
2019-03-16 11:55:45,28.9,67
2019-03-16 12:00:29,28.9,67
2019-03-16 12:05:14,28.9,67
2019-03-16 12:09:59,28.9,67
2019-03-16 12:14:44,28.9,67
2019-03-16 12:19:29,28.9,67
2019-03-16 12:24:15,28.9,67
2019-03-16 12:29:01,28.9,67
2019-03-16 12:33:46,28.9,67
2019-03-16 12:44:43,28.9,67
2019-03-16 12:49:29,28.9,67
2019-03-16 12:54:25,28.9,67
2019-03-16 12:59:45,28.9,67
2019-03-16 13:04:28,28.9,67
2019-03-16 13:09:12,28.9,67
2019-03-16 13:13:56,28.9,67
2019-03-16 13:18:41,28.9,67
2019-03-16 13:23:26,28.9,67
2019-03-16 13:28:11,28.9,67
2019-03-16 13:32:55,28.9,67
2019-03-16 13:37:40,28.9,67
2019-03-16 13:42:25,28.9,67
2019-03-16 13:47:09,28.9,67
2019-03-16 13:56:40,28.9,67
2019-03-16 14:01:25,28.9,67
2019-03-16 14:06:09,28.9,67
2019-03-16 14:10:56,28.9,67
2019-03-16 14:15:43,28.9,67
2019-03-16 14:20:28,28.9,67
2019-03-16 14:25:13,28.9,67
2019-03-16 14:30:00,28.9,67
2019-03-16 14:34:45,36.55,59
2019-03-16 14:39:30,36.55,59
2019-03-16 14:44:15,36.55,59
2019-03-16 14:49:01,36.55,59
2019-03-16 14:53:49,36.55,59
2019-03-16 14:58:34,36.55,59
2019-03-16 15:03:20,36.55,59
2019-03-16 15:09:08,36.55,59
2019-03-16 15:14:10,36.55,59
2019-03-16 15:23:42,35.7,60
2019-03-16 15:28:28,35.7,60
2019-03-16 15:38:57,35.7,60
2019-03-16 15:43:34,35.7,60
2019-03-16 15:48:19,35.7,60
2019-03-16 15:53:06,34.85,61
2019-03-16 15:57:52,34.85,61
2019-03-16 16:07:29,34.85,61
2019-03-16 16:16:59,34.85,61
2019-03-16 16:21:43,34.85,61
2019-03-16 16:26:31,34.85,61
2019-03-16 16:31:20,34.85,61
2019-03-16 16:36:05,34.85,61
2019-03-16 16:40:58,16.15,82
2019-03-16 16:45:49,16.15,82
2019-03-16 16:50:33,17.0,81
2019-03-16 16:55:18,27.2,69
2019-03-16 17:00:02,32.3,64
2019-03-16 17:09:31,37.4,58
2019-03-16 17:16:19,39.1,56
2019-03-16 17:21:04,22.95,74
2019-03-16 17:25:48,22.95,74
2019-03-16 17:30:32,50.15,44
2019-03-16 17:35:17,51.85,42
2019-03-16 17:40:05,54.4,39
2019-03-16 17:44:52,56.95,36
2019-03-16 17:49:38,65.45,27
2019-03-16 17:54:24,42.5,52
2019-03-16 17:59:18,41.65,53
2019-03-16 18:04:03,41.65,53
2019-03-16 18:08:51,41.65,53
2019-03-16 18:13:41,41.65,53
2019-03-16 18:18:34,42.5,52
2019-03-16 18:23:26,43.35,51
2019-03-16 18:28:14,45.05,49
2019-03-16 18:32:58,45.9,49
2019-03-16 18:37:43,46.75,48
2019-03-16 18:42:28,46.75,48
2019-03-16 18:47:12,45.9,49
2019-03-16 18:51:57,39.95,55
2019-03-16 18:56:42,26.35,70
2019-03-16 19:06:19,25.5,71
2019-03-16 19:11:11,25.5,71
2019-03-16 19:16:00,24.65,72
2019-03-16 19:20:44,24.65,72
2019-03-16 19:25:30,24.65,72
2019-03-16 19:30:18,23.8,73
2019-03-16 19:35:03,23.8,73
2019-03-16 19:39:48,117.3,0
2019-03-16 19:54:24,111.35,0
2019-03-16 19:59:15,107.95,0
2019-03-16 20:04:02,102.0,0
2019-03-16 20:08:48,100.3,0
2019-03-16 20:13:32,101.15,0
2019-03-16 20:18:17,53.55,40
2019-03-16 20:23:17,52.7,41
2019-03-16 20:32:50,51.0,43
2019-03-16 20:37:35,46.75,48
2019-03-16 20:42:19,46.75,48
2019-03-16 20:47:12,46.75,48
2019-03-16 20:52:00,45.9,49
2019-03-16 20:56:46,45.05,49
2019-03-16 21:01:33,44.2,50
2019-03-16 21:06:23,33.15,63
2019-03-16 21:11:07,30.6,66
2019-03-16 21:15:53,29.75,66
2019-03-16 21:20:42,28.9,67
2019-03-16 21:30:13,28.9,67
2019-03-16 21:35:13,28.9,67
2019-03-16 21:40:03,28.9,67
2019-03-16 21:44:49,28.9,67
2019-03-16 21:49:34,56.95,36
2019-03-16 21:59:12,62.05,31
2019-03-16 22:04:00,22.95,74
2019-03-16 22:08:50,22.95,74
2019-03-16 22:13:37,34.85,61
2019-03-16 22:18:22,21.25,76
2019-03-16 22:23:07,21.25,76
2019-03-16 22:27:51,5.1,94
2019-03-16 22:32:36,5.1,94
2019-03-16 22:37:21,5.1,94
2019-03-16 22:42:06,5.1,94
2019-03-16 22:46:50,5.1,94
2019-03-16 22:51:35,5.1,94
2019-03-16 22:56:29,5.95,93
2019-03-16 23:01:19,5.95,93
2019-03-16 23:06:03,5.95,93
2019-03-16 23:10:49,5.95,93
2019-03-16 23:15:37,5.95,93
2019-03-16 23:20:22,5.95,93
2019-03-16 23:25:06,5.95,93
2019-03-16 23:29:53,5.95,93
2019-03-16 23:34:41,5.95,93
2019-03-16 23:39:26,5.95,93
2019-03-16 23:44:10,5.95,93
2019-03-16 23:48:55,5.95,93
2019-03-16 23:53:39,5.95,93
2019-03-16 23:58:24,5.95,93
2019-03-17 00:03:09,5.95,93
2019-03-17 00:13:36,5.95,93
2019-03-17 00:18:17,5.95,93
2019-03-17 00:23:03,5.95,93
2019-03-17 00:27:49,5.95,93
2019-03-17 00:32:34,5.95,93
2019-03-17 00:37:21,5.95,93
2019-03-17 00:42:08,5.95,93
2019-03-17 00:46:53,5.95,93
2019-03-17 00:51:37,5.95,93
2019-03-17 00:56:22,5.95,93
2019-03-17 01:01:07,5.95,93
2019-03-17 01:10:36,5.95,93
2019-03-17 01:15:21,5.95,93
2019-03-17 01:20:05,5.95,93
2019-03-17 01:24:51,5.95,93
2019-03-17 01:29:38,5.95,93
2019-03-17 01:34:25,5.95,93
2019-03-17 01:48:39,5.95,93
2019-03-17 01:53:24,5.95,93
2019-03-17 01:58:08,5.95,93
2019-03-17 02:02:53,5.95,93
2019-03-17 02:07:38,5.95,93
2019-03-17 02:12:22,5.95,93
2019-03-17 02:17:09,5.95,93
2019-03-17 02:21:58,5.95,93
2019-03-17 02:26:43,5.95,93
2019-03-17 02:31:27,5.95,93
2019-03-17 02:36:12,5.95,93
2019-03-17 02:40:57,5.95,93
2019-03-17 02:45:42,5.95,93
2019-03-17 02:50:26,5.95,93
2019-03-17 02:55:11,5.95,93
2019-03-17 02:59:55,5.95,93
2019-03-17 03:04:40,5.95,93
2019-03-17 03:09:25,5.95,93
2019-03-17 03:14:10,5.95,93
2019-03-17 03:18:54,5.95,93
2019-03-17 03:23:41,5.95,93
2019-03-17 03:28:27,5.95,93
2019-03-17 03:38:55,5.95,93
2019-03-17 03:43:36,5.95,93
2019-03-17 03:48:21,5.95,93
2019-03-17 03:53:06,5.95,93
2019-03-17 03:57:51,5.95,93
2019-03-17 04:02:35,5.95,93
2019-03-17 04:07:20,5.95,93
2019-03-17 04:12:05,5.95,93
2019-03-17 04:16:50,5.95,93
2019-03-17 04:21:35,5.95,93
2019-03-17 04:26:21,5.95,93
2019-03-17 04:31:06,5.95,93
2019-03-17 04:35:50,5.95,93
2019-03-17 04:40:36,5.95,93
2019-03-17 04:51:24,5.95,93
2019-03-17 04:56:02,5.95,93
2019-03-17 05:00:45,5.95,93
2019-03-17 05:05:29,5.95,93
2019-03-17 05:10:14,5.95,93
2019-03-17 05:14:58,5.95,93
2019-03-17 05:19:43,5.95,93
2019-03-17 05:24:28,5.95,93
2019-03-17 05:29:12,5.95,93
2019-03-17 05:34:00,5.95,93
2019-03-17 05:38:44,5.95,93
2019-03-17 05:43:29,5.95,93
2019-03-17 05:48:14,5.95,93
2019-03-17 05:52:58,5.95,93
2019-03-17 05:57:43,5.95,93
2019-03-17 06:02:28,5.95,93
2019-03-17 06:07:12,5.95,93
2019-03-17 06:12:05,5.95,93
2019-03-17 06:16:54,5.95,93
2019-03-17 06:21:39,5.95,93
2019-03-17 06:26:25,5.95,93
2019-03-17 06:31:13,5.95,93
2019-03-17 06:35:57,5.95,93
2019-03-17 06:40:42,5.95,93
2019-03-17 06:45:30,5.95,93
2019-03-17 06:50:17,5.95,93
2019-03-17 06:55:02,5.95,93
2019-03-17 06:59:51,5.95,93
2019-03-17 07:04:35,5.95,93
2019-03-17 07:09:20,5.95,93
2019-03-17 07:14:05,5.95,93
2019-03-17 07:18:49,5.95,93
2019-03-17 07:28:19,5.95,93
2019-03-17 07:33:03,5.95,93
2019-03-17 07:37:49,5.95,93
2019-03-17 07:42:37,5.95,93
2019-03-17 07:47:23,5.95,93
2019-03-17 07:52:07,5.95,93
2019-03-17 08:01:40,5.95,93
2019-03-17 08:06:25,5.95,93
2019-03-17 08:11:09,5.95,93
2019-03-17 08:20:39,5.95,93
2019-03-17 08:25:24,5.95,93
2019-03-17 08:30:16,5.95,93
2019-03-17 08:35:05,5.95,93
2019-03-17 08:39:50,5.95,93
2019-03-17 08:44:34,5.95,93
2019-03-17 08:49:19,5.95,93
2019-03-17 08:54:04,5.95,93
2019-03-17 08:58:48,5.95,93
2019-03-17 09:03:33,5.95,93
2019-03-17 09:08:18,5.95,93
2019-03-17 09:13:05,5.95,93
2019-03-17 09:18:15,5.95,93
2019-03-17 09:27:46,5.95,93
2019-03-17 09:32:30,5.95,93
2019-03-17 09:37:15,5.95,93
2019-03-17 09:42:00,5.95,93
2019-03-17 09:46:44,5.95,93
2019-03-17 09:51:29,5.95,93
2019-03-17 09:56:13,5.95,93
2019-03-17 10:00:58,5.95,93
2019-03-17 10:05:43,5.95,93
2019-03-17 10:10:27,5.95,93
2019-03-17 10:15:12,5.95,93
2019-03-17 10:19:57,5.95,93
2019-03-17 10:24:43,5.95,93
2019-03-17 10:29:30,5.95,93
2019-03-17 10:34:15,5.95,93
2019-03-17 10:38:59,5.95,93
2019-03-17 10:43:44,6.8,92
2019-03-17 10:48:29,6.8,92
2019-03-17 10:53:14,6.8,92
2019-03-17 10:57:58,6.8,92
2019-03-17 11:02:43,6.8,92
2019-03-17 11:07:27,6.8,92
2019-03-17 11:12:12,6.8,92
2019-03-17 11:16:57,6.8,92
2019-03-17 11:21:41,6.8,92
2019-03-17 11:31:11,6.8,92
2019-03-17 11:35:55,6.8,92
2019-03-17 11:45:28,6.8,92
2019-03-17 11:50:13,6.8,92
2019-03-17 11:54:59,6.8,92
2019-03-17 11:59:48,6.8,92
2019-03-17 12:04:32,6.8,92
2019-03-17 12:09:17,6.8,92
2019-03-17 12:14:02,6.8,92
2019-03-17 12:23:31,6.8,92
2019-03-17 12:28:16,6.8,92
2019-03-17 12:33:02,6.8,92
2019-03-17 12:37:49,6.8,92
2019-03-17 12:42:38,6.8,92
2019-03-17 12:47:25,6.8,92
2019-03-17 12:52:09,6.8,92
2019-03-17 12:56:55,6.8,92
2019-03-17 13:01:40,6.8,92
2019-03-17 13:06:26,6.8,92
2019-03-17 13:11:14,6.8,92
2019-03-17 13:16:03,6.8,92
2019-03-17 13:20:48,6.8,92
2019-03-17 13:25:33,6.8,92
2019-03-17 13:30:20,6.8,92
2019-03-17 13:35:05,4.25,95
2019-03-17 13:39:50,4.25,95
2019-03-17 13:44:35,4.25,95
2019-03-17 13:49:19,4.25,95
2019-03-17 13:54:04,4.25,95
2019-03-17 13:58:49,4.25,95
2019-03-17 14:03:33,4.25,95
2019-03-17 14:08:18,4.25,95
2019-03-17 14:13:04,4.25,95
2019-03-17 14:17:50,4.25,95
2019-03-17 14:22:34,4.25,95
2019-03-17 14:27:19,4.25,95
2019-03-17 14:32:06,4.25,95
2019-03-17 14:36:53,4.25,95
2019-03-17 14:41:42,4.25,95
2019-03-17 14:46:31,4.25,95
2019-03-17 14:51:15,4.25,95
2019-03-17 14:56:00,7.65,91
2019-03-17 15:00:44,7.65,91
2019-03-17 15:05:31,7.65,91
2019-03-17 15:10:17,7.65,91
2019-03-17 15:15:04,7.65,91
2019-03-17 15:19:51,7.65,91
2019-03-17 15:24:41,7.65,91
2019-03-17 15:29:28,7.65,91
2019-03-17 15:34:19,7.65,91
2019-03-17 15:39:07,7.65,91
2019-03-17 15:43:52,6.8,92
2019-03-17 15:48:54,7.65,91
2019-03-17 15:53:51,7.65,91
2019-03-17 15:58:40,6.8,92
2019-03-17 16:03:25,7.65,91
2019-03-17 16:08:13,7.65,91
2019-03-17 16:13:14,7.65,91
2019-03-17 16:18:04,7.65,91
2019-03-17 16:23:51,7.65,91
2019-03-17 16:28:38,6.8,92
2019-03-17 16:33:25,7.65,91
2019-03-17 16:49:11,7.65,91
2019-03-17 16:53:54,7.65,91
2019-03-17 16:58:38,7.65,91
2019-03-17 17:08:23,7.65,91
2019-03-17 17:13:10,6.8,92
2019-03-17 17:17:54,7.65,91
2019-03-17 17:22:39,6.8,92
2019-03-17 17:27:24,6.8,92
2019-03-17 17:32:09,7.65,91
2019-03-17 17:37:07,7.65,91
2019-03-17 17:41:57,7.65,91
2019-03-17 17:46:41,7.65,91
2019-03-17 17:51:27,6.8,92
2019-03-17 17:56:13,7.65,91
2019-03-17 18:00:58,7.65,91
2019-03-17 18:05:44,7.65,91
2019-03-17 18:10:30,7.65,91
2019-03-17 18:15:14,7.65,91
2019-03-17 18:20:23,7.65,91
2019-03-17 18:25:11,7.65,91
2019-03-17 18:29:57,7.65,91
2019-03-17 18:34:52,7.65,91
2019-03-17 18:39:40,7.65,91
2019-03-17 18:44:25,7.65,91
2019-03-17 18:49:13,7.65,91
2019-03-17 18:54:03,7.65,91
2019-03-17 18:58:50,7.65,91
2019-03-17 19:03:35,7.65,91
2019-03-17 19:08:20,7.65,91
2019-03-17 19:13:05,7.65,91
2019-03-17 19:17:49,7.65,91
2019-03-17 19:22:34,7.65,91
2019-03-17 19:27:18,7.65,91
2019-03-17 19:32:04,7.65,91
2019-03-17 19:36:51,7.65,91
2019-03-17 19:41:36,7.65,91
2019-03-17 19:46:23,7.65,91
2019-03-17 19:51:10,7.65,91
2019-03-17 19:55:55,7.65,91
2019-03-17 20:00:39,6.8,92
2019-03-17 20:05:24,7.65,91
2019-03-17 20:10:09,7.65,91
2019-03-17 20:14:53,7.65,91
2019-03-17 20:19:38,7.65,91
2019-03-17 20:24:23,6.8,92
2019-03-17 20:29:07,7.65,91
2019-03-17 20:33:52,7.65,91
2019-03-17 20:43:40,2.55,97
2019-03-17 20:48:30,2.55,97
2019-03-17 20:53:26,1.7,98
2019-03-17 20:58:13,1.7,98
2019-03-17 21:02:59,2.55,97
2019-03-17 21:07:44,2.55,97
2019-03-17 21:12:29,1.7,98
2019-03-17 21:17:14,1.7,98
2019-03-17 21:21:58,1.7,98
2019-03-17 21:26:43,18.7,79
2019-03-17 21:31:27,18.7,79
2019-03-17 21:36:12,18.7,79
2019-03-17 21:40:56,18.7,79
2019-03-17 21:45:41,18.7,79
2019-03-17 21:50:25,18.7,79
2019-03-17 21:55:10,18.7,79
2019-03-17 21:59:55,18.7,79
2019-03-17 22:09:25,18.7,79
2019-03-17 22:14:11,18.7,79
2019-03-17 22:18:59,18.7,79
2019-03-17 22:23:48,18.7,79
2019-03-17 22:28:38,18.7,79
2019-03-17 22:33:23,18.7,79
2019-03-17 22:38:10,18.7,79
2019-03-17 22:43:01,18.7,79
2019-03-17 22:47:51,18.7,79
2019-03-17 22:52:35,18.7,79
2019-03-17 22:57:21,18.7,79
2019-03-17 23:02:06,18.7,79
2019-03-18 13:57:29,34.85,61
2019-03-18 14:02:11,19.55,78
2019-03-18 14:07:30,17.0,81
2019-03-18 14:12:18,26.35,70
2019-03-18 14:17:03,26.35,70
2019-03-18 14:21:47,26.35,70
2019-03-18 14:26:32,27.2,69
2019-03-18 14:31:16,26.35,70
2019-03-18 14:36:01,23.8,73
2019-03-18 14:40:45,16.15,82
2019-03-18 14:45:30,14.45,83
2019-03-18 14:50:14,12.75,85
2019-03-18 14:55:04,13.6,84
2019-03-18 14:59:56,12.75,85
2019-03-18 15:04:39,12.75,85
2019-03-18 15:09:23,11.9,86
2019-03-18 15:14:09,11.05,87
2019-03-18 15:18:56,11.9,86
2019-03-18 15:23:41,17.85,80
2019-03-18 15:28:25,17.0,81
2019-03-18 15:33:10,17.0,81
2019-03-18 15:37:57,16.15,82
2019-03-18 15:42:42,16.15,82
2019-03-18 15:47:34,6.8,92
2019-03-18 15:52:19,11.05,87
2019-03-18 15:57:04,10.2,88
2019-03-18 16:01:48,10.2,88
2019-03-18 16:06:33,10.2,88
2019-03-18 16:11:21,10.2,88
2019-03-18 16:16:08,10.2,88
2019-03-18 16:20:53,10.2,88
2019-03-18 16:25:37,10.2,88
2019-03-18 16:30:26,10.2,88
2019-03-18 16:35:23,10.2,88
2019-03-18 16:40:11,10.2,88
2019-03-18 16:44:55,10.2,88
2019-03-18 16:49:41,10.2,88
2019-03-18 16:54:25,10.2,88
2019-03-18 16:59:15,10.2,88
2019-03-18 17:04:55,10.2,88
2019-03-18 17:12:55,10.2,88
2019-03-18 17:17:58,10.2,88
2019-03-18 17:22:47,10.2,88
2019-03-18 17:27:35,10.2,88
2019-03-18 17:32:19,10.2,88
2019-03-18 17:37:03,10.2,88
2019-03-18 17:41:47,10.2,88
2019-03-18 17:46:32,10.2,88
2019-03-18 17:51:16,10.2,88
2019-03-18 17:56:00,10.2,88
2019-03-18 18:00:47,10.2,88
2019-03-18 18:05:34,10.2,88
2019-03-18 18:10:19,10.2,88
2019-03-18 18:15:03,10.2,88
2019-03-18 18:19:52,10.2,88
2019-03-18 18:24:40,10.2,88
2019-03-18 18:29:24,10.2,88
2019-03-18 18:38:54,10.2,88
2019-03-18 18:43:52,10.2,88
2019-03-18 18:48:46,10.2,88
2019-03-18 18:53:32,6.8,92
2019-03-18 18:58:19,6.8,92
2019-03-18 19:03:06,6.8,92
2019-03-18 19:07:55,6.8,92
2019-03-18 19:12:41,6.8,92
2019-03-18 19:17:27,5.95,93
2019-03-18 19:22:16,5.95,93
2019-03-18 19:27:00,5.95,93
2019-03-18 19:31:44,5.95,93
2019-03-18 19:36:29,5.1,94
2019-03-18 19:41:13,5.95,93
2019-03-18 19:45:58,5.95,93
2019-03-18 19:50:42,5.95,93
2019-03-18 19:55:27,5.95,93
2019-03-18 20:00:13,5.95,93
2019-03-18 20:05:01,5.95,93
2019-03-18 20:09:45,5.95,93
2019-03-18 20:14:30,5.95,93
2019-03-18 20:19:14,5.95,93
2019-03-18 20:23:59,5.95,93
2019-03-18 20:28:43,5.95,93
2019-03-18 20:33:28,5.95,93
2019-03-18 20:38:12,5.95,93
2019-03-18 20:43:00,5.95,93
2019-03-18 20:48:36,5.95,93
2019-03-18 20:53:26,5.95,93
2019-03-18 20:58:10,5.95,93
2019-03-18 21:03:00,5.95,93
2019-03-18 21:07:47,5.95,93
2019-03-18 21:12:33,5.95,93
2019-03-18 21:17:18,5.95,93
2019-03-18 21:22:02,5.95,93
2019-03-18 21:26:55,5.95,93
2019-03-18 21:31:39,5.95,93
2019-03-18 21:41:19,8.5,90
2019-03-18 21:46:03,8.5,90
2019-03-18 21:50:50,8.5,90
2019-03-18 21:55:37,8.5,90
2019-03-18 22:01:15,8.5,90
2019-03-18 22:06:00,8.5,90
2019-03-18 22:10:44,8.5,90
2019-03-18 22:15:28,8.5,90
2019-03-18 22:20:13,5.1,94
2019-03-18 22:24:57,5.1,94
2019-03-18 22:29:41,5.1,94
2019-03-18 22:34:26,5.1,94
2019-03-18 22:39:15,5.95,93
2019-03-18 22:43:59,5.95,93
2019-03-18 22:48:43,5.95,93
2019-03-18 22:53:30,5.95,93
2019-03-18 22:58:16,5.95,93
2019-03-18 23:03:01,5.95,93
2019-03-18 23:07:45,5.95,93
2019-03-18 23:12:32,6.8,92
2019-03-18 23:17:25,6.8,92
2019-03-18 23:22:08,6.8,92
2019-03-18 23:26:53,9.35,89
2019-03-18 23:31:37,9.35,89
2019-03-18 23:36:22,10.2,88
2019-03-18 23:41:06,10.2,88
2019-03-18 23:45:50,10.2,88
2019-03-18 23:50:35,10.2,88
2019-03-18 23:55:19,10.2,88
2019-03-19 01:01:46,5.95,93
2019-03-19 01:06:31,5.95,93
2019-03-19 01:11:15,6.8,92
2019-03-19 01:16:00,6.8,92
2019-03-19 01:20:44,6.8,92
2019-03-19 01:25:29,6.8,92
2019-03-19 01:30:13,6.8,92
2019-03-19 01:34:57,6.8,92
2019-03-19 01:39:42,6.8,92
2019-03-19 01:44:29,6.8,92
2019-03-19 01:49:15,6.8,92
2019-03-19 01:53:59,6.8,92
2019-03-19 01:58:44,6.8,92
2019-03-19 02:03:33,6.8,92
2019-03-19 02:08:17,6.8,92
2019-03-19 02:13:02,6.8,92
2019-03-19 02:17:48,6.8,92
2019-03-19 02:22:33,6.8,92
2019-03-19 02:27:17,6.8,92
2019-03-19 02:32:01,6.8,92
2019-03-19 02:36:51,6.8,92
2019-03-19 02:41:35,6.8,92
2019-03-19 02:46:19,6.8,92
2019-03-19 02:51:03,6.8,92
2019-03-19 02:55:48,5.95,93
2019-03-19 03:00:32,6.8,92
2019-03-19 03:05:26,6.8,92
2019-03-19 03:10:17,6.8,92
2019-03-19 03:15:01,5.95,93
2019-03-19 03:24:34,5.95,93
2019-03-19 03:29:19,5.95,93
2019-03-19 03:34:03,6.8,92
2019-03-19 03:38:48,5.95,93
2019-03-19 03:43:32,5.95,93
2019-03-19 03:48:17,5.95,93
2019-03-19 03:53:01,5.95,93
2019-03-19 03:57:46,5.95,93
2019-03-19 04:02:30,5.95,93
2019-03-19 04:07:14,5.95,93
2019-03-19 04:11:59,5.95,93
2019-03-19 04:16:43,5.95,93
2019-03-19 04:21:28,5.95,93
2019-03-19 04:26:12,5.95,93
2019-03-19 04:31:00,5.95,93
2019-03-19 04:35:47,5.95,93
2019-03-19 04:40:31,5.95,93
2019-03-19 04:45:16,5.95,93
2019-03-19 04:50:00,5.95,93
2019-03-19 04:54:44,5.95,93
2019-03-19 04:59:29,5.95,93
2019-03-19 05:04:14,5.95,93
2019-03-19 05:09:02,5.1,94
2019-03-19 05:13:49,5.1,94
2019-03-19 05:18:33,5.1,94
2019-03-19 05:23:17,5.1,94
2019-03-19 05:28:02,5.1,94
2019-03-19 05:32:46,5.1,94
2019-03-19 05:37:31,5.1,94
2019-03-19 05:42:15,5.1,94
2019-03-19 05:46:59,5.1,94
2019-03-19 05:51:44,5.1,94
2019-03-19 05:56:28,5.1,94
2019-03-19 06:01:13,5.1,94
2019-03-19 06:05:57,5.1,94
2019-03-19 06:10:42,5.1,94
2019-03-19 06:15:26,5.1,94
2019-03-19 06:20:12,5.1,94
2019-03-19 06:24:59,5.1,94
2019-03-19 06:29:44,5.1,94
2019-03-19 06:34:28,5.1,94
2019-03-19 06:39:12,5.1,94
2019-03-19 06:43:57,5.1,94
2019-03-19 06:48:42,5.1,94
2019-03-19 06:53:26,5.1,94
2019-03-19 06:58:10,5.1,94
2019-03-19 07:02:55,5.1,94
2019-03-19 07:07:39,5.1,94
2019-03-19 07:12:24,5.1,94
2019-03-19 07:17:08,5.1,94
2019-03-19 07:21:58,5.1,94
2019-03-19 07:26:41,5.1,94
2019-03-19 07:31:25,5.1,94
2019-03-19 07:36:11,5.1,94
2019-03-19 07:40:59,5.1,94
2019-03-19 07:45:45,5.1,94
2019-03-19 07:50:29,5.1,94
2019-03-19 07:55:14,5.1,94
2019-03-19 07:59:58,5.1,94
2019-03-19 08:04:43,5.1,94
2019-03-19 08:09:27,5.1,94
2019-03-19 08:14:12,5.1,94
2019-03-19 08:18:56,5.1,94
2019-03-19 08:23:40,5.1,94
2019-03-19 08:28:24,5.95,93
2019-03-19 08:33:09,5.1,94
2019-03-19 08:37:54,5.1,94
2019-03-19 08:42:38,5.1,94
2019-03-19 08:47:23,5.1,94
2019-03-19 08:52:08,5.1,94
2019-03-19 08:56:52,5.1,94
2019-03-19 09:01:37,5.1,94
2019-03-19 09:06:21,5.1,94
2019-03-19 09:11:05,5.1,94
2019-03-19 09:15:50,5.1,94
2019-03-19 09:20:34,5.1,94
2019-03-19 09:25:20,5.1,94
2019-03-19 09:30:04,5.1,94
2019-03-19 09:34:54,5.1,94
2019-03-19 09:39:38,5.1,94
2019-03-19 09:44:22,5.1,94
2019-03-19 09:49:07,5.1,94
2019-03-19 19:24:44,5.1,94
2019-03-19 19:28:27,51.0,43
2019-03-19 19:33:07,38.25,57
2019-03-19 19:37:53,55.25,38
2019-03-19 19:42:37,56.95,36
2019-03-19 19:47:23,61.2,32
2019-03-19 19:52:08,34.0,62
2019-03-19 19:56:54,38.25,57
2019-03-19 20:02:08,39.1,56
2019-03-19 20:06:58,43.35,51
2019-03-19 20:11:43,52.7,41
2019-03-19 20:16:54,54.4,39
2019-03-19 20:21:42,57.8,35
2019-03-19 20:26:27,50.15,44
2019-03-19 20:31:12,50.15,44
2019-03-19 20:35:58,50.15,44
2019-03-19 20:40:46,69.7,22
2019-03-19 20:45:31,54.4,39
2019-03-19 20:50:17,45.9,49
2019-03-19 20:55:02,45.9,49
2019-03-19 20:59:47,45.9,49
2019-03-19 21:04:35,46.75,48
2019-03-19 21:09:23,30.6,66
2019-03-19 21:14:09,28.05,68
2019-03-19 21:19:00,27.2,69
2019-03-19 21:23:56,45.9,49
2019-03-19 21:28:42,47.6,47
2019-03-19 21:33:27,50.15,44
2019-03-19 21:38:16,51.85,42
2019-03-19 21:43:06,40.8,54
2019-03-19 21:47:55,39.95,55
2019-03-19 21:52:50,33.15,63
2019-03-19 21:57:35,39.1,56
2019-03-19 22:02:27,39.1,56
2019-03-19 22:07:22,39.1,56
2019-03-19 22:12:09,38.25,57
2019-03-19 22:17:13,34.0,62
2019-03-19 22:22:04,34.0,62
2019-03-19 22:26:54,13.6,84
2019-03-19 22:31:45,15.3,83
2019-03-19 22:36:34,16.15,82
2019-03-19 22:41:23,22.95,74
2019-03-19 22:46:11,39.1,56
2019-03-19 22:50:56,40.8,54
2019-03-19 22:55:46,39.95,55
2019-03-19 23:00:43,39.95,55
2019-03-19 23:05:34,39.1,56
2019-03-19 23:10:46,38.25,57
2019-03-19 23:15:34,38.25,57
2019-03-19 23:20:21,38.25,57
2019-03-19 23:25:14,38.25,57
2019-03-19 23:30:02,38.25,57
2019-03-19 23:34:49,38.25,57
2019-03-19 23:39:38,34.85,61
2019-03-19 23:44:30,34.0,62
2019-03-19 23:49:22,34.85,61
2019-03-19 23:54:10,35.7,60
2019-03-19 23:58:55,38.25,57
2019-03-20 14:00:16,40.8,54
2019-03-20 14:05:12,40.8,54
2019-03-20 14:10:03,40.8,54
2019-03-20 14:14:48,39.95,55
2019-03-20 14:19:34,39.95,55
2019-03-20 14:24:19,39.95,55
2019-03-20 14:29:04,39.95,55
2019-03-20 14:33:50,39.95,55
2019-03-20 14:38:35,39.95,55
2019-03-20 14:43:23,39.95,55
2019-03-20 14:48:13,39.95,55
2019-03-20 14:53:16,39.95,55
2019-03-20 14:58:07,27.2,69
2019-03-20 15:03:07,27.2,69
2019-03-20 15:07:57,27.2,69
2019-03-20 15:12:42,27.2,69
2019-03-20 15:17:27,27.2,69
2019-03-20 15:22:13,27.2,69
2019-03-20 15:27:03,27.2,69
2019-03-20 15:31:48,27.2,69
2019-03-20 15:36:33,27.2,69
2019-03-20 15:41:18,27.2,69
2019-03-20 15:46:04,27.2,69
2019-03-20 15:50:57,27.2,69
2019-03-20 15:55:48,27.2,69
2019-03-20 16:00:33,27.2,69
2019-03-20 16:05:20,26.35,70
2019-03-20 16:10:08,26.35,70
2019-03-20 16:15:01,26.35,70
2019-03-20 16:19:49,26.35,70
2019-03-20 16:24:39,26.35,70
2019-03-20 16:29:29,26.35,70
2019-03-20 16:34:14,32.3,64
2019-03-20 16:39:01,42.5,52
2019-03-20 16:43:47,41.65,53
2019-03-20 16:48:33,41.65,53
2019-03-20 16:53:19,32.3,64
2019-03-20 16:58:06,32.3,64
2019-03-20 17:02:54,32.3,64
2019-03-20 17:07:50,32.3,64
2019-03-20 17:12:50,31.45,65
2019-03-20 17:17:50,32.3,64
2019-03-20 17:24:41,32.3,64
2019-03-20 17:29:32,32.3,64
2019-03-20 17:34:19,26.35,70
2019-03-20 17:39:05,26.35,70
2019-03-20 17:43:50,25.5,71
2019-03-20 17:48:36,25.5,71
2019-03-20 17:53:21,25.5,71
2019-03-20 18:00:14,25.5,71
2019-03-20 18:05:03,25.5,71
2019-03-20 18:09:48,25.5,71
2019-03-20 18:14:35,25.5,71
2019-03-20 18:18:23,2.55,97
2019-03-20 18:19:20,25.5,71
2019-03-20 18:23:07,67.15,25
2019-03-20 18:24:09,25.5,71
2019-03-20 18:25:07,100.3,0
2019-03-20 18:26:13,70.55,21
2019-03-20 18:27:28,34.85,61
2019-03-20 18:28:55,25.5,71
2019-03-20 18:33:40,25.5,71
2019-03-20 18:38:27,25.5,71
2019-03-20 18:43:39,25.5,71
2019-03-20 18:48:27,26.35,70
2019-03-20 18:53:16,26.35,70
2019-03-20 18:58:05,26.35,70
2019-03-20 19:02:50,26.35,70
2019-03-20 19:07:36,27.2,69
2019-03-20 19:12:21,27.2,69
2019-03-20 19:17:07,27.2,69
2019-03-20 19:21:52,27.2,69
2019-03-20 19:26:38,27.2,69
2019-03-20 19:31:47,27.2,69
2019-03-20 19:36:34,26.35,70
2019-03-20 19:41:22,26.35,70
2019-03-20 19:46:10,26.35,70
2019-03-20 19:50:55,26.35,70
2019-03-20 19:55:42,26.35,70
2019-03-20 20:00:27,25.5,71
2019-03-20 20:05:15,26.35,70
2019-03-20 20:10:01,25.5,71
2019-03-20 20:14:47,25.5,71
2019-03-20 20:19:32,25.5,71
2019-03-20 20:24:17,25.5,71
2019-03-20 20:29:03,25.5,71
2019-03-20 20:33:48,26.35,70
2019-03-20 20:38:33,26.35,70
2019-03-20 20:43:19,26.35,70
2019-03-20 20:48:04,26.35,70
2019-03-20 20:52:53,17.85,80
2019-03-20 20:57:44,17.0,81
2019-03-20 21:02:29,23.8,73
2019-03-20 21:07:15,41.65,53
2019-03-20 21:12:05,19.55,78
2019-03-20 21:16:50,18.7,79
2019-03-20 21:21:41,40.8,54
2019-03-20 21:26:25,22.1,75
2019-03-20 21:31:11,42.5,52
2019-03-20 21:35:56,43.35,51
2019-03-20 21:40:42,41.65,53
2019-03-20 21:45:27,41.65,53
2019-03-20 21:50:13,20.4,77
2019-03-20 21:54:59,43.35,51
2019-03-20 21:59:44,21.25,76
2019-03-20 22:04:36,28.05,68
2019-03-20 22:09:25,30.6,66
2019-03-20 22:14:16,47.6,47
2019-03-20 22:20:05,47.6,47
2019-03-20 22:24:50,50.15,44
2019-03-20 22:29:35,58.65,34
2019-03-20 22:34:23,68.0,24
2019-03-20 22:39:16,68.0,24
2019-03-20 22:44:00,28.9,67
2019-03-20 22:48:46,28.05,68
2019-03-20 22:53:32,28.05,68
2019-03-20 22:58:17,15.3,83
2019-03-20 23:03:02,15.3,83
2019-03-20 23:07:48,15.3,83
2019-03-20 23:12:33,15.3,83
2019-03-20 23:17:19,16.15,82
2019-03-20 23:22:04,16.15,82
2019-03-20 23:26:49,16.15,82
2019-03-20 23:31:34,16.15,82
2019-03-20 23:36:20,17.0,81
2019-03-20 23:41:05,16.15,82
2019-03-20 23:45:51,17.0,81
2019-03-20 23:50:36,17.0,81
2019-03-20 23:55:21,17.0,81
2019-03-21 15:52:59,3.4,96
2019-03-21 16:00:06,6.8,92
2019-03-21 16:04:56,6.8,92
2019-03-21 16:09:41,7.65,91
2019-03-21 16:14:26,6.8,92
2019-03-21 16:19:17,47.6,47
2019-03-21 16:19:29,4.25,95
2019-03-21 16:24:14,5.1,94
2019-03-21 16:29:02,5.95,93
2019-03-21 16:33:47,6.8,92
2019-03-21 16:38:33,7.65,91
2019-03-21 16:43:47,9.35,89
2019-03-21 16:48:58,62.9,30
2019-03-21 16:55:54,7.65,91
2019-03-21 17:00:45,7.65,91
2019-03-21 17:05:32,6.8,92
2019-03-21 17:10:30,5.95,93
2019-03-21 17:15:17,5.95,93
2019-03-21 17:20:03,5.95,93
2019-03-21 17:24:48,7.65,91
2019-03-21 17:29:33,28.05,68
2019-03-21 17:34:19,28.05,68
2019-03-21 17:39:04,28.9,67
2019-03-21 17:43:51,59.5,33
2019-03-21 17:48:38,45.9,49
2019-03-21 17:53:24,45.05,49
2019-03-21 17:58:40,47.6,47
2019-03-21 18:03:28,47.6,47
2019-03-21 18:08:16,45.9,49
2019-03-21 18:18:24,43.35,51
2019-03-21 18:29:18,40.8,54
2019-03-21 18:34:05,42.5,52
2019-03-21 18:38:52,42.5,52
2019-03-21 19:02:45,36.55,59
2019-03-21 19:07:30,36.55,59
2019-03-21 19:12:16,30.6,66
2019-03-21 19:17:02,28.9,67
2019-03-21 19:21:47,28.9,67
2019-03-21 19:26:37,28.9,67
2019-03-21 19:31:31,28.05,68
2019-03-21 19:36:25,23.8,73
2019-03-21 19:41:10,11.05,87
2019-03-21 19:45:55,39.1,56
2019-03-21 19:50:42,33.15,63
2019-03-21 19:55:31,2.55,97
2019-03-21 20:00:16,3.4,96
2019-03-21 20:05:06,3.4,96
2019-03-21 20:09:51,3.4,96
2019-03-21 20:14:38,3.4,96
2019-03-21 20:19:27,3.4,96
2019-03-21 20:24:12,3.4,96
2019-03-21 20:28:58,4.25,95
2019-03-21 20:33:43,3.4,96
2019-03-21 20:38:29,3.4,96
2019-03-21 20:48:00,4.25,95
2019-03-21 20:52:46,5.95,93
2019-03-21 20:57:32,25.5,71
2019-03-21 21:02:22,24.65,72
2019-03-21 21:07:11,7.65,91
2019-03-21 21:11:56,5.95,93
2019-03-21 21:16:41,5.1,94
2019-03-21 21:21:29,4.25,95
2019-03-21 21:31:11,4.25,95
2019-03-21 21:35:57,4.25,95
2019-03-21 21:40:42,4.25,95
2019-03-21 21:45:28,4.25,95
2019-03-21 21:50:13,4.25,95
2019-03-21 21:54:59,3.4,96
2019-03-21 21:59:44,4.25,95
2019-03-21 22:04:30,4.25,95
2019-03-21 22:09:15,4.25,95
2019-03-21 22:14:01,4.25,95
2019-03-21 22:18:48,4.25,95
2019-03-21 22:23:33,4.25,95
2019-03-21 22:28:19,4.25,95
2019-03-21 22:33:04,4.25,95
2019-03-21 22:37:50,4.25,95
2019-03-21 22:42:35,4.25,95
2019-03-21 22:47:20,4.25,95
2019-03-21 22:52:05,4.25,95
2019-03-21 22:56:51,51.0,43
2019-03-21 23:01:36,51.0,43
2019-03-21 23:06:21,51.85,42
2019-03-21 23:11:07,51.0,43
2019-03-21 23:15:57,43.35,51
2019-03-21 23:20:42,52.7,41
2019-03-21 23:25:27,63.75,29
2019-03-21 23:30:13,45.9,49
2019-03-21 23:34:58,43.35,51
2019-03-21 23:39:43,42.5,52
2019-03-21 23:44:29,43.35,51
2019-03-21 23:49:14,44.2,50
2019-03-21 23:58:46,45.9,49
2019-03-22 02:53:38,52.7,41
2019-03-22 02:58:24,52.7,41
2019-03-22 03:03:09,52.7,41
2019-03-22 03:07:55,52.7,41
2019-03-22 03:12:40,52.7,41
2019-03-22 03:17:26,52.7,41
2019-03-22 03:22:11,51.85,42
2019-03-22 03:26:56,51.85,42
2019-03-22 03:32:08,49.3,45
2019-03-22 03:36:56,49.3,45
2019-03-22 03:41:41,49.3,45
2019-03-22 03:46:27,49.3,45
2019-03-22 03:51:12,48.45,46
2019-03-22 04:00:43,49.3,45
2019-03-22 04:05:29,49.3,45
2019-03-22 04:10:17,50.15,44
2019-03-22 04:15:08,51.0,43
2019-03-22 04:19:52,50.15,44
2019-03-22 04:24:50,51.0,43
2019-03-22 04:30:57,51.0,43
2019-03-22 04:35:47,51.85,42
2019-03-22 04:40:32,51.85,42
2019-03-22 04:45:17,51.85,42
2019-03-22 04:50:02,51.85,42
2019-03-22 04:54:48,51.85,42
2019-03-22 04:59:33,51.85,42
2019-03-22 05:04:18,51.85,42
2019-03-22 05:09:05,51.85,42
2019-03-22 05:13:52,52.7,41
2019-03-22 05:18:37,51.85,42
2019-03-22 05:23:24,51.85,42
2019-03-22 05:28:12,51.85,42
2019-03-22 05:32:57,51.85,42
2019-03-22 05:37:43,51.85,42
2019-03-22 05:42:28,51.85,42
2019-03-22 05:47:13,51.85,42
2019-03-22 05:51:59,51.85,42
2019-03-22 05:56:44,51.85,42
2019-03-22 06:01:30,51.85,42
2019-03-22 06:06:15,51.85,42
2019-03-22 06:11:00,51.85,42
2019-03-22 06:15:46,51.85,42
2019-03-22 06:20:31,51.85,42
2019-03-22 06:25:16,52.7,41
2019-03-22 06:31:00,52.7,41
2019-03-22 06:35:52,52.7,41
2019-03-22 06:40:37,52.7,41
2019-03-22 06:45:22,52.7,41
2019-03-22 06:50:08,52.7,41
2019-03-22 06:54:53,52.7,41
2019-03-22 06:59:39,53.55,40
2019-03-22 07:04:25,53.55,40
2019-03-22 07:09:13,52.7,41
2019-03-22 07:14:00,52.7,41
2019-03-22 07:18:48,52.7,41
2019-03-22 07:23:33,52.7,41
2019-03-22 07:30:19,52.7,41
2019-03-22 07:35:07,52.7,41
2019-03-22 07:39:52,52.7,41
2019-03-22 07:45:36,52.7,41
2019-03-22 07:50:22,51.85,42
2019-03-22 07:55:07,51.85,42
2019-03-22 07:59:53,48.45,46
2019-03-22 08:04:38,45.05,49
2019-03-22 08:09:24,44.2,50
2019-03-22 08:15:07,44.2,50
2019-03-22 08:19:55,43.35,51
2019-03-22 08:24:40,43.35,51
2019-03-22 08:29:25,43.35,51
2019-03-22 08:34:11,43.35,51
2019-03-22 08:38:57,43.35,51
2019-03-22 08:43:42,43.35,51
2019-03-22 08:48:28,43.35,51
2019-03-22 08:53:13,43.35,51
2019-03-22 08:58:15,43.35,51
2019-03-22 09:07:49,43.35,51
2019-03-22 09:13:00,43.35,51
2019-03-22 09:17:50,44.2,50
2019-03-22 09:23:02,44.2,50
2019-03-22 09:27:53,44.2,50
2019-03-22 09:32:41,48.45,46
2019-03-22 09:37:29,53.55,40
2019-03-22 09:42:19,53.55,40
2019-03-22 09:47:08,53.55,40
2019-03-22 09:51:53,53.55,40
2019-03-22 09:56:39,52.7,41
2019-03-22 14:00:39,48.45,46
2019-03-22 14:05:28,48.45,46
2019-03-22 14:10:13,48.45,46
2019-03-22 14:14:58,48.45,46
2019-03-22 14:19:44,48.45,46
2019-03-22 14:24:29,48.45,46
2019-03-22 14:29:15,48.45,46
2019-03-22 14:34:06,48.45,46
2019-03-22 14:38:52,48.45,46
2019-03-22 14:43:39,48.45,46
2019-03-22 14:48:28,45.9,49
2019-03-22 14:53:13,45.05,49
2019-03-22 14:57:59,45.05,49
2019-03-22 15:02:46,45.05,49
2019-03-22 15:07:31,45.05,49
2019-03-22 15:12:17,45.05,49
2019-03-22 15:17:02,45.05,49
2019-03-22 15:21:47,45.05,49
2019-03-22 15:26:33,45.05,49
2019-03-22 15:31:18,45.05,49
2019-03-22 15:36:07,45.05,49
2019-03-22 15:40:54,45.05,49
2019-03-22 15:45:40,45.05,49
2019-03-22 15:50:28,43.35,51
2019-03-22 15:55:14,42.5,52
2019-03-22 15:59:59,43.35,51
2019-03-22 16:04:44,45.05,49
2019-03-22 16:09:35,45.9,49
2019-03-22 16:14:20,44.2,50
2019-03-22 16:19:05,43.35,51
2019-03-22 16:23:56,44.2,50
2019-03-22 16:28:46,44.2,50
2019-03-22 16:33:59,45.05,49
2019-03-22 16:44:14,55.25,38
2019-03-22 16:49:04,45.05,49
2019-03-22 16:53:50,44.2,50
2019-03-22 16:58:45,45.05,49
2019-03-22 17:03:30,45.05,49
2019-03-22 17:08:15,45.05,49
2019-03-22 17:13:21,45.05,49
2019-03-22 17:18:08,45.05,49
2019-03-22 17:22:53,45.05,49
2019-03-22 17:27:39,45.05,49
2019-03-22 17:32:26,45.05,49
2019-03-22 17:37:11,45.9,49
2019-03-22 17:43:43,45.9,49
2019-03-22 17:48:25,40.8,54
2019-03-22 17:53:15,37.4,58
2019-03-22 17:57:59,38.25,57
2019-03-22 18:02:45,38.25,57
2019-03-22 18:07:36,37.4,58
2019-03-22 18:12:21,37.4,58
2019-03-22 18:17:19,37.4,58
2019-03-22 18:22:10,37.4,58
2019-03-22 18:26:55,37.4,58
2019-03-22 18:31:40,37.4,58
2019-03-22 18:36:25,38.25,57
2019-03-22 18:43:12,38.25,57
2019-03-22 18:47:58,38.25,57
2019-03-22 18:53:47,39.1,56
2019-03-22 18:58:34,17.0,81
2019-03-22 19:03:19,20.4,77
2019-03-22 19:08:04,20.4,77
2019-03-22 19:12:51,21.25,76
2019-03-22 19:17:39,31.45,65
2019-03-22 19:22:29,31.45,65
2019-03-22 19:27:13,31.45,65
2019-03-22 19:31:59,31.45,65
2019-03-22 19:36:50,39.1,56
2019-03-22 19:41:34,51.85,42
2019-03-22 19:46:19,28.05,68
2019-03-22 19:51:05,41.65,53
2019-03-22 19:55:56,32.3,64
2019-03-22 20:00:40,27.2,69
2019-03-22 20:05:25,34.0,62
2019-03-22 20:10:11,47.6,47
2019-03-22 20:14:57,30.6,66
2019-03-22 20:20:46,42.5,52
2019-03-22 20:25:41,42.5,52
2019-03-22 20:30:45,28.05,68
2019-03-22 20:35:38,28.9,67
2019-03-22 20:40:33,35.7,60
2019-03-22 20:45:29,34.85,61
2019-03-22 20:50:27,34.85,61
2019-03-22 20:55:22,34.0,62
2019-03-22 21:01:41,33.15,63
2019-03-22 21:06:31,33.15,63
2019-03-22 21:11:26,34.0,62
2019-03-22 21:16:20,29.75,66
2019-03-22 21:21:15,29.75,66
2019-03-22 21:26:13,29.75,66
2019-03-22 21:33:32,30.6,66
2019-03-22 21:38:49,33.15,63
2019-03-22 21:43:48,33.15,63
2019-03-22 21:48:43,28.9,67
2019-03-22 21:53:48,34.85,61
2019-03-22 21:58:45,21.25,76
2019-03-22 22:03:40,22.1,75
2019-03-22 22:08:35,22.1,75
2019-03-22 22:13:30,22.1,75
2019-03-22 22:18:24,22.1,75
2019-03-22 22:23:30,22.1,75
2019-03-22 22:28:29,22.1,75
2019-03-22 22:33:26,22.1,75
2019-03-22 22:38:26,22.1,75
2019-03-22 22:45:40,22.1,75
2019-03-22 22:50:39,22.1,75
2019-03-22 22:55:33,22.1,75
2019-03-22 23:00:33,22.1,75
2019-03-22 23:05:27,22.1,75
2019-03-22 23:11:23,22.1,75
2019-03-22 23:16:19,22.1,75
2019-03-22 23:21:15,22.1,75
2019-03-22 23:26:13,22.1,75
2019-03-22 23:31:08,22.1,75
2019-03-22 23:36:09,22.1,75
2019-03-22 23:41:06,22.1,75
2019-03-22 23:46:00,22.1,75
2019-03-22 23:50:55,22.1,75
2019-03-22 23:55:50,22.1,75
2019-03-23 01:54:41,22.1,75
2019-03-23 01:59:38,22.1,75
2019-03-23 02:08:39,22.1,75
2019-03-23 02:13:37,22.1,75
2019-03-23 02:18:32,22.1,75
2019-03-23 02:23:26,22.1,75
2019-03-23 02:28:21,22.1,75
2019-03-23 02:33:16,22.1,75
2019-03-23 02:38:11,22.1,75
2019-03-23 02:43:06,22.1,75
2019-03-23 02:48:01,22.1,75
2019-03-23 02:52:56,22.1,75
2019-03-23 02:57:50,22.1,75
2019-03-23 03:02:45,22.1,75
2019-03-23 03:07:45,22.1,75
2019-03-23 03:12:40,22.1,75
2019-03-23 03:17:34,22.1,75
2019-03-23 03:22:29,22.1,75
2019-03-23 03:27:29,22.1,75
2019-03-23 03:32:23,22.1,75
2019-03-23 03:37:17,22.1,75
2019-03-23 03:42:12,22.1,75
2019-03-23 03:47:07,22.1,75
2019-03-23 03:52:03,22.1,75
2019-03-23 03:56:57,22.1,75
2019-03-23 04:01:52,22.1,75
2019-03-23 04:06:47,22.1,75
2019-03-23 04:11:42,22.1,75
2019-03-23 04:16:37,23.8,73
2019-03-23 04:21:32,23.8,73
2019-03-23 04:26:27,23.8,73
2019-03-23 04:31:22,23.8,73
2019-03-23 04:36:16,23.8,73
2019-03-23 04:41:11,23.8,73
2019-03-23 04:46:06,23.8,73
2019-03-23 04:51:01,22.95,74
2019-03-23 04:56:06,22.95,74
2019-03-23 05:01:16,22.1,75
2019-03-23 05:06:17,22.1,75
2019-03-23 05:11:13,22.1,75
2019-03-23 05:16:10,22.1,75
2019-03-23 05:21:04,22.1,75
2019-03-23 05:25:59,22.1,75
2019-03-23 05:30:54,22.1,75
2019-03-23 05:35:48,22.1,75
2019-03-23 05:40:50,22.1,75
2019-03-23 05:45:46,22.1,75
2019-03-23 05:50:41,22.1,75
2019-03-23 05:55:35,22.1,75
2019-03-23 06:00:30,22.1,75
2019-03-23 06:05:25,22.1,75
2019-03-23 06:10:25,22.1,75
2019-03-23 06:15:19,22.1,75
2019-03-23 06:20:14,22.1,75
2019-03-23 06:25:09,22.1,75
2019-03-23 06:30:04,22.1,75
2019-03-23 06:34:59,22.1,75
2019-03-23 06:39:54,22.1,75
2019-03-23 06:44:48,21.25,76
2019-03-23 06:49:43,22.1,75
2019-03-23 06:54:39,22.1,75
2019-03-23 06:59:36,22.1,75
2019-03-23 07:04:31,22.1,75
2019-03-23 07:09:26,22.1,75
2019-03-23 07:14:21,22.1,75
2019-03-23 07:19:16,22.1,75
2019-03-23 07:24:15,22.1,75
2019-03-23 07:29:09,22.1,75
2019-03-23 07:34:04,22.1,75
2019-03-23 07:38:59,22.1,75
2019-03-23 07:44:22,22.1,75
2019-03-23 07:49:24,22.1,75
2019-03-23 07:54:23,22.1,75
2019-03-23 07:59:26,22.1,75
2019-03-23 08:04:20,22.1,75
2019-03-23 08:09:14,22.1,75
2019-03-23 08:14:09,22.1,75
2019-03-23 08:19:04,22.1,75
2019-03-23 08:23:59,22.1,75
2019-03-23 08:28:53,22.1,75
2019-03-23 08:33:48,22.1,75
2019-03-23 08:38:43,22.1,75
2019-03-23 08:43:38,22.1,75
2019-03-23 08:48:33,22.1,75
2019-03-23 08:53:27,22.1,75
2019-03-23 08:58:22,22.1,75
2019-03-23 09:03:17,22.1,75
2019-03-23 09:08:12,22.1,75
2019-03-23 09:13:08,22.1,75
2019-03-23 09:18:10,22.1,75
2019-03-23 09:23:09,22.1,75
2019-03-23 09:28:04,22.1,75
2019-03-23 09:32:58,22.1,75
2019-03-23 09:37:53,22.1,75
2019-03-23 09:42:49,22.1,75
2019-03-23 09:47:43,22.1,75
2019-03-23 09:52:38,22.1,75
2019-03-23 09:57:33,22.95,74
2019-03-23 14:00:29,23.8,73
2019-03-23 14:05:24,23.8,73
2019-03-23 14:10:19,23.8,73
2019-03-23 14:15:14,23.8,73
2019-03-23 14:20:08,23.8,73
2019-03-23 14:25:03,23.8,73
2019-03-23 14:29:58,23.8,73
2019-03-23 14:34:53,23.8,73
2019-03-23 14:39:48,23.8,73
2019-03-23 14:44:42,23.8,73
2019-03-23 14:49:42,23.8,73
2019-03-23 14:54:36,23.8,73
2019-03-23 14:59:32,23.8,73
2019-03-23 15:04:31,23.8,73
2019-03-23 15:09:29,23.8,73
2019-03-23 15:14:24,23.8,73
2019-03-23 15:19:21,23.8,73
2019-03-23 15:28:22,23.8,73
2019-03-23 15:33:18,23.8,73
2019-03-23 15:48:20,29.75,66
2019-03-23 15:53:05,29.75,66
2019-03-23 15:58:01,30.6,66
2019-03-23 16:02:58,30.6,66
2019-03-23 16:07:59,31.45,65
2019-03-23 16:12:57,31.45,65
2019-03-23 16:17:51,31.45,65
2019-03-23 16:27:32,36.55,59
2019-03-23 16:32:25,21.25,76
2019-03-23 16:37:22,21.25,76
2019-03-23 16:42:21,20.4,77
2019-03-23 16:52:12,19.55,78
2019-03-23 16:57:08,19.55,78
2019-03-23 17:02:06,20.4,77
2019-03-23 17:07:02,19.55,78
2019-03-23 17:12:05,19.55,78
2019-03-23 17:16:58,19.55,78
2019-03-23 17:21:53,19.55,78
2019-03-23 17:26:50,19.55,78
2019-03-23 17:31:48,19.55,78
2019-03-23 17:36:43,19.55,78
2019-03-23 17:41:38,20.4,77
2019-03-23 17:46:33,19.55,78
2019-03-23 17:51:28,20.4,77
2019-03-23 17:56:22,20.4,77
2019-03-23 18:01:18,20.4,77
2019-03-23 18:06:17,20.4,77
2019-03-23 18:11:26,20.4,77
2019-03-23 18:16:24,20.4,77
2019-03-23 18:21:19,20.4,77
2019-03-23 18:26:15,20.4,77
2019-03-23 18:32:00,20.4,77
2019-03-23 18:39:46,20.4,77
2019-03-23 18:44:44,20.4,77
2019-03-23 18:49:38,20.4,77
2019-03-23 18:54:33,20.4,77
2019-03-23 19:01:29,20.4,77
2019-03-23 19:06:24,20.4,77
2019-03-23 19:16:17,20.4,77
2019-03-23 19:21:13,22.95,74
2019-03-23 19:26:11,22.95,74
2019-03-23 19:31:06,24.65,72
2019-03-23 19:36:01,24.65,72
2019-03-23 19:40:56,24.65,72
2019-03-23 19:45:51,24.65,72
2019-03-23 19:50:47,24.65,72
2019-03-23 19:55:42,24.65,72
2019-03-23 20:00:40,24.65,72
2019-03-23 20:05:36,24.65,72
2019-03-23 20:10:31,24.65,72
2019-03-23 20:15:39,24.65,72
2019-03-23 20:20:38,24.65,72
2019-03-23 20:25:33,24.65,72
2019-03-23 20:30:28,24.65,72
2019-03-23 20:35:23,24.65,72
2019-03-23 20:40:28,24.65,72
2019-03-23 20:45:25,24.65,72
2019-03-23 20:50:46,24.65,72
2019-03-23 20:55:46,24.65,72
2019-03-23 21:00:40,24.65,72
2019-03-23 21:05:40,24.65,72
2019-03-23 21:10:35,23.8,73
2019-03-23 21:15:30,23.8,73
2019-03-23 21:20:25,23.8,73
2019-03-23 21:25:19,23.8,73
2019-03-23 21:30:15,22.95,74
2019-03-23 21:35:09,23.8,73
2019-03-23 21:40:04,20.4,77
2019-03-25 14:00:46,7.65,91
2019-03-25 14:05:42,7.65,91
2019-03-25 14:15:39,7.65,91
2019-03-25 14:20:33,7.65,91
2019-03-25 14:25:28,7.65,91
2019-03-25 14:30:23,7.65,91
2019-03-25 14:40:13,7.65,91
2019-03-25 14:45:22,7.65,91
2019-03-25 14:55:20,8.5,90
2019-03-25 15:00:26,8.5,90
2019-03-25 15:05:26,8.5,90
2019-03-25 15:10:20,8.5,90
2019-03-25 15:20:25,7.65,91
2019-03-25 15:30:37,8.5,90
2019-03-25 15:36:00,7.65,91
2019-03-25 15:40:55,7.65,91
2019-03-25 15:45:54,7.65,91
2019-03-25 15:50:48,8.5,90
2019-03-25 16:00:39,7.65,91
2019-03-25 16:10:37,7.65,91
2019-03-25 16:15:36,42.5,52
2019-03-25 16:20:33,39.1,56
2019-03-25 16:25:30,51.0,43
2019-03-25 16:30:27,37.4,58
2019-03-25 16:35:38,38.25,57
2019-03-25 16:40:42,22.95,74
2019-03-25 16:45:49,23.8,73
2019-03-25 16:50:47,23.8,73
2019-03-25 16:55:52,24.65,72
2019-03-25 17:00:54,23.8,73
2019-03-25 17:11:59,24.65,72
2019-03-25 17:17:02,24.65,72
2019-03-25 17:22:01,24.65,72
2019-03-25 17:27:07,25.5,71
2019-03-25 17:32:05,24.65,72
2019-03-25 17:38:59,24.65,72
2019-03-25 17:43:59,28.05,68
2019-03-25 17:49:00,27.2,69
2019-03-25 17:54:25,29.75,66
2019-03-25 17:59:24,23.8,73
2019-03-25 18:04:35,31.45,65
2019-03-25 18:14:41,38.25,57
2019-03-25 18:19:42,34.85,61
2019-03-25 18:24:41,39.1,56
2019-03-25 18:30:06,35.7,60
2019-03-25 18:35:08,34.85,61
2019-03-25 18:40:23,41.65,53
2019-03-25 18:55:30,51.85,42
2019-03-25 19:00:30,52.7,41
2019-03-25 19:05:26,42.5,52
2019-03-25 19:10:22,40.8,54
2019-03-25 19:15:20,38.25,57
2019-03-25 19:25:12,39.1,56
2019-03-25 19:30:10,41.65,53
2019-03-25 19:35:05,47.6,47
2019-03-25 19:40:00,46.75,48
2019-03-25 19:44:55,35.7,60
2019-03-25 19:49:50,34.85,61
2019-03-25 19:54:48,34.85,61
2019-03-25 20:00:12,34.85,61
2019-03-25 20:05:28,35.7,60
2019-03-25 20:10:30,38.25,57
2019-03-25 20:15:27,40.8,54
2019-03-25 20:20:24,45.9,49
2019-03-25 20:25:26,64.6,28
2019-03-25 20:31:02,44.2,50
2019-03-25 20:35:53,45.05,49
2019-03-25 20:40:48,37.4,58
2019-03-25 20:45:44,38.25,57
2019-03-25 20:50:40,38.25,57
2019-03-25 20:55:35,39.95,55
2019-03-25 21:00:30,34.0,62
2019-03-25 21:05:28,35.7,60
2019-03-25 21:10:39,35.7,60
2019-03-25 21:15:39,35.7,60
2019-03-25 21:20:33,35.7,60
2019-03-25 21:25:28,36.55,59
2019-03-25 21:30:23,36.55,59
2019-03-25 21:35:46,55.25,38
2019-03-25 21:40:46,51.0,43
2019-03-25 21:45:41,51.0,43
2019-03-25 21:50:36,51.0,43
2019-03-25 21:55:31,49.3,45
2019-03-25 22:00:26,42.5,52
2019-03-25 22:05:21,41.65,53
2019-03-25 22:10:26,40.8,54
2019-03-25 22:15:26,40.8,54
2019-03-25 22:20:21,39.95,55
2019-03-25 22:25:49,32.3,64
2019-03-25 22:30:48,13.6,84
2019-03-25 22:35:43,14.45,83
2019-03-25 22:40:38,14.45,83
2019-03-25 22:45:32,15.3,83
2019-03-25 22:50:27,15.3,83
2019-03-25 22:55:23,15.3,83
2019-03-25 23:00:27,17.0,81
2019-03-25 23:05:25,17.85,80
2019-03-25 23:10:20,38.25,57
2019-03-25 23:15:15,21.25,76
2019-03-25 23:20:10,18.7,79
2019-03-25 23:25:05,18.7,79
2019-03-25 23:29:59,34.85,61
2019-03-25 23:34:55,38.25,57
2019-03-25 23:39:55,25.5,71
2019-03-25 23:44:49,22.95,74
2019-03-25 23:49:43,24.65,72
2019-03-25 23:54:38,39.95,55
2019-03-25 23:59:33,36.55,59
2019-03-26 00:04:37,46.75,48
2019-03-26 00:09:38,40.8,54
2019-03-26 00:14:34,22.95,74
2019-03-26 00:19:29,22.1,75
2019-03-26 00:24:24,22.1,75
2019-03-26 00:29:19,23.8,73
2019-03-26 00:34:13,24.65,72
2019-03-26 00:39:09,23.8,73
2019-03-26 00:44:06,24.65,72
2019-03-26 00:49:01,24.65,72
2019-03-26 00:53:57,27.2,69
2019-03-26 00:58:52,33.15,63
2019-03-26 14:00:34,28.9,67
2019-03-26 14:10:24,28.05,68
2019-03-26 14:15:45,28.05,68
2019-03-26 14:20:41,28.9,67
2019-03-26 14:30:31,31.45,65
2019-03-26 14:35:34,29.75,66
2019-03-26 14:40:51,29.75,66
2019-03-26 14:45:49,28.9,67
2019-03-26 14:50:55,33.15,63
2019-03-26 14:55:57,32.3,64
2019-03-26 15:00:52,33.15,63
2019-03-26 15:20:37,32.3,64
2019-03-26 15:25:31,32.3,64
2019-03-26 15:30:36,33.15,63
2019-03-26 15:35:33,33.15,63
2019-03-26 15:40:28,34.85,61
2019-03-26 15:50:18,36.55,59
2019-03-26 15:55:47,36.55,59
2019-03-26 16:00:43,23.8,73
2019-03-26 16:10:52,58.65,34
2019-03-26 16:15:51,42.5,52
2019-03-26 16:20:49,12.75,85
2019-03-26 16:25:44,17.85,80
2019-03-26 16:32:39,71.4,20
2019-03-26 16:37:39,72.25,19
2019-03-26 16:47:29,41.65,53
2019-03-26 16:53:28,20.4,77
2019-03-26 16:58:33,20.4,77
2019-03-26 17:08:33,12.75,85
2019-03-26 17:13:38,12.75,85
2019-03-26 17:23:32,11.9,86
2019-03-26 17:28:28,11.9,86
2019-03-26 17:33:26,11.9,86
2019-03-26 17:38:26,11.9,86
2019-03-26 17:43:29,11.9,86
2019-03-26 17:48:26,11.9,86
2019-03-26 17:53:21,12.75,85
2019-03-26 17:58:16,12.75,85
2019-03-26 18:03:11,12.75,85
2019-03-26 18:10:51,13.6,84
2019-03-26 18:20:07,12.75,85
2019-03-26 23:57:53,63.75,29
2019-03-27 00:02:47,63.75,29
2019-03-27 00:07:42,63.75,29
2019-03-27 00:12:37,63.75,29
2019-03-27 00:17:33,64.6,28
2019-03-27 00:22:31,64.6,28
2019-03-27 00:27:26,65.45,27
2019-03-27 00:32:21,65.45,27
2019-03-27 00:37:16,66.3,26
2019-03-27 00:42:12,66.3,26
2019-03-27 00:47:09,67.15,25
2019-03-27 00:52:04,70.55,21
2019-03-27 00:56:59,71.4,20
2019-03-27 05:46:53,63.75,29
2019-03-27 14:05:25,50.15,44
2019-03-27 14:10:20,51.0,43
2019-03-27 14:15:15,50.15,44
2019-03-27 14:20:10,51.0,43
2019-03-27 14:25:04,52.7,41
2019-03-27 14:29:59,52.7,41
2019-03-27 14:39:49,52.7,41
2019-03-27 14:49:39,52.7,41
2019-03-27 14:54:42,52.7,41
2019-03-27 16:20:01,18.7,79
2019-03-27 16:42:38,17.85,80
2019-03-27 16:52:28,17.85,80
2019-03-27 16:57:22,17.85,80
2019-03-27 17:02:17,17.85,80
2019-03-27 17:07:13,17.85,80
2019-03-27 17:12:15,17.85,80
2019-03-27 17:22:13,18.7,79
2019-03-27 17:27:08,18.7,79
2019-03-27 17:32:08,19.55,78
2019-03-27 17:37:05,18.7,79
2019-03-27 17:42:02,19.55,78
2019-03-27 17:57:33,65.45,27
2019-03-27 18:02:36,36.55,59
2019-03-27 18:07:34,19.55,78
2019-03-27 18:17:31,20.4,77
2019-03-27 18:31:37,48.45,46
2019-03-27 18:36:33,48.45,46
2019-03-27 18:41:28,48.45,46
2019-03-27 18:46:23,49.3,45
2019-03-27 18:51:22,51.0,43
2019-03-27 18:56:20,51.85,42
2019-03-27 19:06:16,50.15,44
2019-03-27 19:11:16,49.3,45
2019-03-27 19:16:24,49.3,45
2019-03-27 19:21:21,49.3,45
2019-03-27 19:26:25,49.3,45
2019-03-27 19:31:25,49.3,45
2019-03-27 19:41:46,49.3,45
2019-03-27 19:46:46,50.15,44
2019-03-27 19:51:41,49.3,45
2019-03-27 19:56:38,50.15,44
2019-03-27 20:01:39,50.15,44
2019-03-27 20:06:33,50.15,44
2019-03-27 20:11:30,51.0,43
2019-03-27 20:16:26,51.0,43
2019-03-27 20:21:21,51.0,43
2019-03-27 20:26:16,51.0,43
2019-03-27 20:31:13,51.0,43
2019-03-27 20:41:09,51.0,43
2019-03-27 20:46:09,51.0,43
2019-03-27 20:51:04,51.0,43
2019-03-27 20:56:04,51.85,42
2019-03-27 21:01:06,51.85,42
2019-03-27 21:06:12,51.85,42
2019-03-27 21:11:12,51.85,42
2019-03-27 21:16:06,51.85,42
2019-03-27 21:21:05,51.85,42
2019-03-27 21:26:03,51.85,42
2019-03-27 21:32:58,52.7,41
2019-03-27 21:38:03,52.7,41
2019-03-27 21:45:17,56.1,37
2019-03-27 21:50:52,58.65,34
2019-03-27 21:55:52,58.65,34
2019-03-27 22:00:46,58.65,34
2019-03-27 22:05:41,58.65,34
2019-03-27 22:19:49,58.65,34
2019-03-27 22:24:42,58.65,34
2019-03-27 22:29:41,58.65,34
2019-03-27 22:34:36,58.65,34
2019-03-27 22:39:32,58.65,34
2019-03-27 22:44:27,58.65,34
2019-03-27 22:49:25,58.65,34
2019-03-27 23:04:11,57.8,35
2019-03-27 23:09:07,57.8,35
2019-03-27 23:14:02,57.8,35
2019-03-27 23:18:57,57.8,35
2019-03-27 23:23:52,57.8,35
2019-03-27 23:28:47,57.8,35
2019-03-27 23:33:42,57.8,35
2019-03-27 23:38:36,58.65,34
2019-03-27 23:43:31,58.65,34
2019-03-27 23:48:27,58.65,34
2019-03-27 23:53:30,59.5,33
2019-03-27 23:58:33,59.5,33
2019-03-28 00:03:26,59.5,33
2019-03-28 00:08:21,59.5,33
2019-03-28 00:13:16,60.35,32
2019-03-28 00:18:11,60.35,32
2019-03-28 00:23:11,60.35,32
2019-03-28 00:28:05,60.35,32
2019-03-28 00:33:00,59.5,33
2019-03-28 00:37:55,60.35,32
2019-03-28 00:42:55,59.5,33
2019-03-28 00:47:49,59.5,33
2019-03-28 00:52:44,59.5,33
2019-03-28 00:57:39,59.5,33
2019-03-28 14:00:38,19.55,78
2019-03-28 14:10:28,19.55,78
2019-03-28 14:15:23,19.55,78
2019-03-28 14:20:18,19.55,78
2019-03-28 14:25:13,19.55,78
2019-03-28 14:30:08,19.55,78
2019-03-28 14:35:03,19.55,78
2019-03-28 14:39:58,19.55,78
2019-03-28 14:44:54,19.55,78
2019-03-28 14:49:51,19.55,78
2019-03-28 14:54:45,19.55,78
2019-03-28 14:59:40,19.55,78
2019-03-28 15:04:43,19.55,78
2019-03-28 15:09:42,19.55,78
2019-03-28 15:14:37,19.55,78
2019-03-28 15:24:34,19.55,78
2019-03-28 15:29:30,19.55,78
2019-03-28 15:34:27,19.55,78
2019-03-28 15:40:25,19.55,78
2019-03-28 15:50:23,19.55,78
2019-03-28 15:55:24,19.55,78
2019-03-28 16:10:42,19.55,78
2019-03-28 16:15:53,19.55,78
2019-03-28 16:25:49,20.4,77
2019-03-28 17:52:50,19.55,78
2019-03-28 18:02:41,19.55,78
2019-03-28 18:07:38,19.55,78
2019-03-28 18:12:36,19.55,78
2019-03-28 18:18:11,19.55,78
2019-03-28 18:23:08,19.55,78
2019-03-28 18:28:07,19.55,78
2019-03-28 18:33:05,19.55,78
2019-03-28 18:38:05,19.55,78
2019-03-28 18:43:03,19.55,78
2019-03-28 18:52:55,19.55,78
2019-03-28 18:57:50,19.55,78
2019-03-28 19:02:45,19.55,78
2019-03-28 19:07:40,19.55,78
2019-03-28 19:12:35,19.55,78
2019-03-28 19:27:32,11.05,87
2019-03-28 19:48:13,16.15,82
2019-03-28 19:53:42,20.4,77
2019-03-28 20:00:43,17.85,80
2019-03-28 20:05:42,17.85,80
2019-03-28 20:10:37,17.85,80
2019-03-28 20:15:32,17.85,80
2019-03-28 20:20:28,17.85,80
2019-03-28 20:25:30,17.85,80
2019-03-28 20:30:27,17.85,80
2019-03-28 20:35:21,17.85,80
2019-03-28 20:40:20,17.0,81
2019-03-28 20:45:18,17.0,81
2019-03-28 20:50:19,17.0,81
2019-03-28 20:55:22,17.0,81
2019-03-28 21:00:22,31.45,65
2019-03-28 21:05:23,31.45,65
2019-03-28 21:10:26,30.6,66
2019-03-28 21:20:33,30.6,66
2019-03-28 21:26:33,30.6,66
2019-03-28 21:46:35,33.15,63
2019-03-28 22:01:26,4.25,95
2019-03-28 22:06:27,4.25,95
2019-03-28 22:11:35,3.4,96
2019-03-28 22:16:39,3.4,96
2019-03-28 22:21:39,3.4,96
2019-03-28 22:26:37,3.4,96
2019-03-28 22:42:02,3.4,96
2019-03-28 22:47:05,3.4,96
2019-03-28 22:52:00,3.4,96
2019-03-28 22:56:55,3.4,96
2019-03-28 23:01:53,3.4,96
2019-03-28 23:06:49,2.55,97
2019-03-28 23:11:44,2.55,97
2019-03-28 23:16:39,3.4,96
2019-03-28 23:21:33,3.4,96
2019-03-28 23:26:29,3.4,96
2019-03-28 23:31:26,3.4,96
2019-03-28 23:36:21,3.4,96
2019-03-28 23:41:16,3.4,96
2019-03-28 23:51:10,3.4,96
2019-03-28 23:56:10,3.4,96
2019-03-29 00:01:07,3.4,96
2019-03-29 00:06:05,3.4,96
2019-03-29 00:10:59,3.4,96
2019-03-29 00:15:54,3.4,96
2019-03-29 00:20:52,3.4,96
2019-03-29 00:25:50,3.4,96
2019-03-29 00:30:46,3.4,96
2019-03-29 00:35:41,3.4,96
2019-03-29 00:40:36,3.4,96
2019-03-29 00:45:31,3.4,96
2019-03-29 00:50:25,3.4,96
2019-03-29 12:28:48,57.8,35
2019-03-29 12:29:53,4.25,95
2019-03-29 14:00:54,45.9,49
2019-03-29 14:05:48,45.9,49
2019-03-29 14:10:46,45.9,49
2019-03-29 14:15:40,49.3,45
2019-03-29 14:20:41,48.45,46
2019-03-29 14:25:40,49.3,45
2019-03-29 14:30:36,50.15,44
2019-03-29 14:35:34,50.15,44
2019-03-29 14:40:28,50.15,44
2019-03-29 14:45:23,51.0,43
2019-03-29 14:50:31,51.85,42
2019-03-29 14:55:33,52.7,41
2019-03-29 15:00:33,54.4,39
2019-03-29 15:05:32,53.55,40
2019-03-29 15:10:35,51.0,43
2019-03-29 15:15:34,49.3,45
2019-03-29 15:21:38,48.45,46
2019-03-29 15:26:38,38.25,57
2019-03-29 15:31:59,51.85,42
2019-03-29 15:37:00,14.45,83
2019-03-29 15:42:48,13.6,84
2019-03-29 15:47:40,12.75,85
2019-03-29 15:52:39,12.75,85
2019-03-29 15:57:38,12.75,85
2019-03-29 16:02:44,12.75,85
2019-03-29 16:07:43,12.75,85
2019-03-29 16:12:42,12.75,85
2019-03-29 16:17:37,12.75,85
2019-03-29 16:22:39,12.75,85
2019-03-29 16:27:34,38.25,57
2019-03-29 16:32:33,38.25,57
2019-03-29 16:37:31,38.25,57
2019-03-29 16:42:29,38.25,57
2019-03-29 16:47:35,38.25,57
2019-03-29 16:52:36,38.25,57
2019-03-29 16:57:31,38.25,57
2019-03-29 17:02:26,38.25,57
2019-03-29 17:07:21,38.25,57
2019-03-29 17:12:20,37.4,58
2019-03-29 17:17:22,37.4,58
2019-03-29 17:22:17,37.4,58
2019-03-29 17:27:12,37.4,58
2019-03-29 17:32:18,37.4,58
2019-03-29 17:37:15,19.55,78
2019-03-29 17:42:22,15.3,83
2019-03-29 17:47:19,15.3,83
2019-03-29 17:52:14,15.3,83
2019-03-29 17:57:12,15.3,83
2019-03-29 18:02:08,15.3,83
2019-03-29 18:07:06,14.45,83
2019-03-29 18:12:29,15.3,83
2019-03-29 18:17:27,15.3,83
2019-03-29 18:22:24,16.15,82
2019-03-29 18:27:24,16.15,82
2019-03-29 18:32:19,17.0,81
2019-03-29 18:37:15,17.0,81
2019-03-29 18:42:13,17.0,81
2019-03-29 18:47:13,17.0,81
2019-03-29 18:52:13,17.85,80
2019-03-29 18:57:12,18.7,79
2019-03-29 19:02:10,18.7,79
2019-03-29 19:07:05,18.7,79
2019-03-29 19:12:04,18.7,79
2019-03-29 19:17:03,19.55,78
2019-03-29 19:22:08,19.55,78
2019-03-29 19:32:03,19.55,78
2019-03-29 19:36:59,20.4,77
2019-03-29 19:42:03,20.4,77
2019-03-29 19:46:58,39.1,56
2019-03-29 19:52:02,65.45,27
2019-03-29 19:57:01,64.6,28
2019-03-29 20:01:56,64.6,28
2019-03-29 20:06:54,11.05,87
2019-03-29 20:11:53,5.1,94
2019-03-29 20:16:52,4.25,95
2019-03-29 20:21:55,5.95,93
2019-03-29 20:26:57,6.8,92
2019-03-29 20:32:10,28.05,68
2019-03-29 20:37:12,20.4,77
2019-03-29 20:42:10,33.15,63
2019-03-29 20:53:32,33.15,63
2019-03-29 20:58:24,34.0,62
2019-03-29 21:03:21,33.15,63
2019-03-29 21:08:17,33.15,63
2019-03-29 21:14:30,33.15,63
2019-03-29 21:19:25,33.15,63
2019-03-29 21:24:24,34.0,62
2019-03-29 21:29:22,34.0,62
2019-03-29 21:34:23,38.25,57
2019-03-29 21:39:18,62.9,30
2019-03-29 21:44:29,39.1,56
2019-03-29 21:49:32,38.25,57
2019-03-29 21:59:28,38.25,57
2019-03-29 22:04:23,38.25,57
2019-03-29 22:09:18,39.1,56
2019-03-29 22:14:17,39.1,56
2019-03-29 22:19:14,39.1,56
2019-03-29 22:24:13,39.1,56
2019-03-29 22:30:05,39.1,56
2019-03-29 22:34:58,39.1,56
2019-03-29 22:40:32,39.1,56
2019-03-29 22:45:34,38.25,57
2019-03-29 22:50:33,38.25,57
2019-03-29 22:55:37,38.25,57
2019-03-29 23:00:35,38.25,57
2019-03-29 23:05:33,39.1,56
2019-03-29 23:10:42,39.1,56
2019-03-29 23:15:45,39.1,56
2019-03-29 23:20:44,39.1,56
2019-03-29 23:25:48,39.1,56
2019-03-29 23:30:46,39.1,56
2019-03-29 23:35:45,39.1,56
2019-03-29 23:40:43,39.95,55
2019-03-29 23:45:42,39.95,55
2019-03-29 23:50:41,39.95,55
2019-03-29 23:55:40,40.8,54
2019-03-30 00:00:48,41.65,53
2019-03-30 00:06:02,42.5,52
2019-03-30 00:11:04,45.05,49
2019-03-30 00:16:03,45.05,49
2019-03-30 00:21:07,45.05,49
2019-03-30 00:26:09,45.05,49
2019-03-30 00:31:16,45.05,49
2019-03-30 00:36:16,45.05,49
2019-03-30 00:41:14,45.05,49
2019-03-30 00:46:11,45.05,49
2019-03-30 00:51:06,45.05,49
2019-03-30 00:56:01,45.05,49
2019-03-30 14:00:58,40.8,54
2019-03-30 14:05:59,39.95,55
2019-03-30 14:10:58,39.95,55
2019-03-30 14:15:58,39.95,55
2019-03-30 14:20:59,39.95,55
2019-03-30 14:25:59,39.95,55
2019-03-30 14:31:04,39.95,55
2019-03-30 14:36:01,39.95,55
2019-03-30 14:40:55,39.95,55
2019-03-30 14:45:50,39.95,55
2019-03-30 14:50:46,39.95,55
2019-03-30 14:55:44,39.95,55
2019-03-30 15:00:40,39.95,55
2019-03-30 15:05:35,28.9,67
2019-03-30 15:10:30,32.3,64
2019-03-30 15:15:25,34.0,62
2019-03-30 15:20:26,34.85,61
2019-03-30 15:25:23,34.85,61
2019-03-30 15:30:19,34.85,61
2019-03-30 15:35:22,34.85,61
2019-03-30 15:40:16,34.85,61
2019-03-30 15:45:11,34.0,62
2019-03-30 15:50:07,34.0,62
2019-03-30 15:55:05,34.0,62
2019-03-30 16:00:02,33.15,63
2019-03-30 16:05:02,28.05,68
2019-03-30 16:09:59,27.2,69
2019-03-30 16:14:59,27.2,69
2019-03-30 16:19:57,27.2,69
2019-03-30 16:24:56,26.35,70
2019-03-30 16:29:55,27.2,69
2019-03-30 16:34:53,27.2,69
2019-03-30 16:39:49,27.2,69
2019-03-30 16:44:47,27.2,69
2019-03-30 16:49:42,27.2,69
2019-03-30 16:54:43,27.2,69
2019-03-30 16:59:42,27.2,69
2019-03-30 17:04:41,27.2,69
2019-03-30 17:09:37,28.05,68
2019-03-30 17:14:37,28.05,68
2019-03-30 17:19:37,28.05,68
2019-03-30 17:24:35,28.05,68
2019-03-30 17:29:46,28.9,67
2019-03-30 17:34:43,28.9,67
2019-03-30 17:39:37,28.9,67
2019-03-30 17:44:33,28.9,67
2019-03-30 17:49:31,29.75,66
2019-03-30 17:54:26,29.75,66
2019-03-30 17:59:21,29.75,66
2019-03-30 18:04:16,29.75,66
2019-03-30 18:09:12,28.9,67
2019-03-30 18:14:11,28.9,67
2019-03-30 18:19:11,28.9,67
2019-03-30 18:24:06,29.75,66
2019-03-30 18:29:02,29.75,66
2019-03-30 18:34:00,29.75,66
2019-03-30 18:38:57,30.6,66
2019-03-30 18:43:55,30.6,66
2019-03-30 18:48:51,31.45,65
2019-03-30 18:53:49,31.45,65
2019-03-30 18:58:45,32.3,64
2019-03-30 19:03:43,32.3,64
2019-03-30 19:08:40,32.3,64
2019-03-30 19:13:48,32.3,64
2019-03-30 19:18:43,32.3,64
2019-03-30 19:23:40,32.3,64
2019-03-30 19:28:40,32.3,64
2019-03-30 19:33:48,33.15,63
2019-03-30 19:38:42,33.15,63
2019-03-30 19:43:43,33.15,63
2019-03-30 19:48:41,33.15,63
2019-03-30 19:53:40,34.0,62
2019-03-30 19:58:44,34.0,62
2019-03-30 20:03:41,34.0,62
2019-03-30 20:08:37,34.0,62
2019-03-30 20:13:35,34.0,62
2019-03-30 20:18:30,34.0,62
2019-03-30 20:23:24,34.0,62
2019-03-30 20:28:19,34.0,62
2019-03-30 20:33:15,34.85,61
2019-03-30 20:38:13,34.0,62
2019-03-30 20:43:08,34.0,62
2019-03-30 20:48:03,34.0,62
2019-03-30 20:53:12,34.0,62
2019-03-30 20:58:09,34.0,62
2019-03-30 21:03:07,34.85,61
2019-03-30 21:08:13,34.85,61
2019-03-30 21:13:16,34.85,61
2019-03-30 21:18:13,34.85,61
2019-03-30 21:23:13,34.85,61
2019-03-30 21:28:07,34.85,61
2019-03-30 21:33:02,34.85,61
2019-03-30 21:37:58,34.85,61
2019-03-30 21:42:56,35.7,60
2019-03-30 21:47:51,35.7,60
2019-03-30 21:52:48,35.7,60
2019-03-30 21:57:47,35.7,60
2019-03-30 22:02:42,48.45,46
2019-03-30 22:07:37,35.7,60
2019-03-30 22:12:32,34.0,62
2019-03-30 22:17:33,25.5,71
2019-03-30 22:22:40,29.75,66
2019-03-30 22:27:36,42.5,52
2019-03-30 22:32:42,39.95,55
2019-03-30 22:37:45,45.05,49
2019-03-30 22:42:48,35.7,60
2019-03-30 22:47:46,51.0,43
2019-03-30 22:52:49,60.35,32
2019-03-30 22:57:49,36.55,59
2019-03-30 23:02:44,34.85,61
2019-03-30 23:07:42,36.55,59
2019-03-30 23:12:36,47.6,47
2019-03-30 23:17:31,45.05,49
2019-03-30 23:22:26,44.2,50
2019-03-30 23:27:21,45.05,49
2019-03-30 23:32:16,45.05,49
2019-03-30 23:37:13,45.05,49
2019-03-30 23:42:13,44.2,50
2019-03-30 23:47:08,45.05,49
2019-03-30 23:52:03,45.05,49
2019-03-30 23:56:58,45.05,49
2019-03-31 00:01:52,44.2,50
2019-03-31 00:06:47,44.2,50
2019-03-31 00:11:42,44.2,50
2019-03-31 00:16:37,43.35,51
2019-03-31 00:21:31,43.35,51
2019-03-31 00:26:26,44.2,50
2019-03-31 00:31:31,44.2,50
2019-03-31 00:36:24,43.35,51
2019-03-31 00:41:19,43.35,51
2019-03-31 00:46:14,43.35,51
2019-03-31 00:51:09,43.35,51
2019-03-31 00:56:05,43.35,51
2019-03-31 14:24:40,26.35,70
2019-03-31 15:00:24,26.35,70
2019-03-31 15:05:18,26.35,70
2019-03-31 15:10:14,25.5,71
2019-03-31 15:15:09,25.5,71
2019-03-31 15:20:07,25.5,71
2019-03-31 15:25:07,25.5,71
2019-03-31 15:30:08,25.5,71
2019-03-31 15:35:03,25.5,71
2019-03-31 15:39:57,25.5,71
2019-03-31 15:44:53,11.9,86
2019-03-31 15:49:48,22.95,74
2019-03-31 15:55:00,22.95,74
2019-03-31 15:59:53,22.95,74
2019-03-31 16:04:54,22.95,74
2019-03-31 16:09:51,22.95,74
2019-03-31 16:14:47,22.95,74
2019-03-31 16:19:45,22.95,74
2019-03-31 16:24:40,22.95,74
2019-03-31 16:29:39,22.95,74
2019-03-31 16:34:31,22.95,74
2019-03-31 16:39:26,22.95,74
2019-03-31 16:44:25,22.95,74
2019-03-31 16:49:22,22.95,74
2019-03-31 16:54:25,22.95,74
2019-03-31 16:59:30,22.95,74
2019-03-31 17:04:24,22.95,74
2019-03-31 17:09:19,22.95,74
2019-03-31 17:14:17,22.95,74
2019-03-31 17:19:16,22.95,74
2019-03-31 17:24:20,22.95,74
2019-03-31 17:29:24,22.95,74
2019-03-31 17:34:18,22.95,74
2019-03-31 17:39:13,22.95,74
2019-03-31 17:44:10,22.95,74
2019-03-31 17:49:21,22.95,74
2019-03-31 17:54:17,22.95,74
2019-03-31 17:59:17,22.95,74
2019-03-31 18:04:12,22.95,74
2019-03-31 18:09:07,22.95,74
2019-03-31 18:14:02,22.95,74
2019-03-31 18:18:57,9.35,89
2019-03-31 18:23:52,19.55,78
2019-03-31 18:28:46,17.85,80
2019-03-31 18:33:41,17.85,80
2019-03-31 18:38:38,17.0,81
2019-03-31 18:43:46,17.0,81
2019-03-31 18:48:40,12.75,85
2019-03-31 18:53:35,12.75,85
2019-03-31 18:58:29,12.75,85
2019-03-31 19:03:25,18.7,79
2019-03-31 19:08:20,18.7,79
2019-03-31 19:13:15,18.7,79
2019-03-31 19:18:10,18.7,79
2019-03-31 19:23:08,17.0,81
2019-03-31 19:28:02,11.9,86
2019-03-31 19:32:57,11.05,87
2019-03-31 19:37:52,11.05,87
2019-03-31 19:42:47,11.05,87
2019-03-31 19:47:50,11.05,87
2019-03-31 19:52:43,10.2,88
2019-03-31 19:57:39,10.2,88
2019-03-31 20:02:39,10.2,88
2019-03-31 20:07:38,10.2,88
2019-03-31 20:12:33,10.2,88
2019-03-31 20:17:33,10.2,88
2019-03-31 20:22:28,10.2,88
2019-03-31 20:27:23,10.2,88
2019-03-31 20:32:26,10.2,88
2019-03-31 20:37:28,10.2,88
2019-03-31 20:42:23,11.05,87
2019-03-31 20:47:18,11.05,87
2019-03-31 20:52:13,11.05,87
2019-03-31 20:57:08,34.85,61
2019-03-31 21:02:06,42.5,52
2019-03-31 21:07:01,42.5,52
2019-03-31 21:11:57,37.4,58
2019-03-31 21:16:51,36.55,59
2019-03-31 21:21:47,34.85,61
2019-03-31 21:26:46,34.0,62
2019-03-31 21:31:52,34.0,62
2019-03-31 21:36:51,34.0,62
2019-03-31 21:41:45,33.15,63
2019-03-31 21:46:40,23.8,73
2019-03-31 21:51:45,12.75,85
2019-03-31 21:56:41,6.8,92
2019-03-31 22:01:40,3.4,96
2019-03-31 22:06:35,40.8,54
2019-03-31 22:11:30,34.0,62
2019-03-31 22:16:25,4.25,95
2019-03-31 22:21:23,4.25,95
2019-03-31 22:26:18,4.25,95
2019-03-31 22:31:13,4.25,95
2019-03-31 22:36:09,4.25,95
2019-03-31 22:41:07,4.25,95
2019-03-31 22:46:02,4.25,95
2019-03-31 22:50:56,4.25,95
2019-03-31 22:55:51,4.25,95
2019-03-31 23:00:46,4.25,95
2019-03-31 23:05:41,4.25,95
2019-03-31 23:10:38,4.25,95
2019-03-31 23:15:39,4.25,95
2019-03-31 23:20:39,4.25,95
2019-03-31 23:25:34,4.25,95
2019-03-31 23:30:30,4.25,95
2019-03-31 23:35:28,4.25,95
2019-03-31 23:40:22,4.25,95
2019-03-31 23:45:17,4.25,95
2019-03-31 23:50:12,4.25,95
2019-03-31 23:55:07,4.25,95
2019-04-01 00:00:01,4.25,95
2019-04-01 00:04:56,4.25,95
2019-04-01 00:09:53,4.25,95
2019-04-01 00:14:52,4.25,95
2019-04-01 00:19:55,4.25,95
2019-04-01 00:24:49,4.25,95
2019-04-01 00:29:51,4.25,95
2019-04-01 00:34:56,4.25,95
2019-04-01 00:39:53,4.25,95
2019-04-01 00:44:49,4.25,95
2019-04-01 00:49:59,4.25,95
2019-04-01 00:54:59,4.25,95
2019-04-01 00:59:56,4.25,95
2019-04-01 01:04:51,5.1,94
2019-04-01 01:09:46,5.1,94
2019-04-01 01:14:41,5.1,94
2019-04-01 01:19:35,5.1,94
2019-04-01 01:24:30,5.1,94
2019-04-01 01:29:25,5.1,94
2019-04-01 01:34:21,5.1,94
2019-04-01 01:39:20,5.1,94
2019-04-01 01:44:18,5.1,94
2019-04-01 01:49:13,5.1,94
2019-04-01 01:54:08,5.1,94
2019-04-01 01:59:04,5.1,94
2019-04-01 03:01:18,4.25,95
2019-04-01 15:01:17,8.5,90
2019-04-01 15:06:15,8.5,90
2019-04-01 15:11:16,8.5,90
2019-04-01 15:16:23,8.5,90
2019-04-01 15:21:17,11.9,86
2019-04-01 15:26:17,11.05,87
2019-04-01 15:31:12,11.05,87
2019-04-01 15:36:10,12.75,85
2019-04-01 15:41:04,15.3,83
2019-04-01 15:45:59,11.9,86
2019-04-01 15:50:54,11.9,86
2019-04-01 15:55:54,11.9,86
2019-04-01 16:00:50,11.9,86
2019-04-01 16:05:50,9.35,89
2019-04-01 16:10:44,9.35,89
2019-04-01 16:15:39,9.35,89
2019-04-01 16:20:34,9.35,89
2019-04-01 16:25:29,9.35,89
2019-04-01 16:30:24,9.35,89
2019-04-01 16:35:19,8.5,90
2019-04-01 16:40:15,8.5,90
2019-04-01 16:45:13,8.5,90
2019-04-01 16:50:09,8.5,90
2019-04-01 16:55:07,8.5,90
2019-04-01 17:00:02,8.5,90
2019-04-01 17:04:58,8.5,90
2019-04-01 17:10:07,8.5,90
2019-04-01 17:15:04,8.5,90
2019-04-01 17:20:09,5.95,93
2019-04-01 17:25:07,5.95,93
2019-04-01 17:30:05,5.95,93
2019-04-01 17:35:06,5.95,93
2019-04-01 17:40:10,5.95,93
2019-04-01 19:24:07,4.25,95
2019-04-01 19:29:06,4.25,95
2019-04-01 19:34:01,4.25,95
2019-04-01 19:38:56,4.25,95
2019-04-01 19:48:52,4.25,95
2019-04-01 19:53:53,4.25,95
2019-04-01 19:58:54,4.25,95
2019-04-01 20:03:58,4.25,95
2019-04-01 20:08:59,4.25,95
2019-04-01 20:13:57,4.25,95
2019-04-01 20:18:55,4.25,95
2019-04-01 20:23:53,4.25,95
2019-04-01 20:28:48,4.25,95
2019-04-01 20:33:43,4.25,95
2019-04-01 20:38:45,4.25,95
2019-04-01 20:43:43,4.25,95
2019-04-01 20:48:38,4.25,95
2019-04-01 20:53:33,4.25,95
2019-04-01 20:58:28,4.25,95
2019-04-01 21:03:24,4.25,95
2019-04-01 21:08:22,4.25,95
2019-04-01 21:13:17,64.6,28
2019-04-01 21:18:12,53.55,40
2019-04-01 21:23:07,43.35,51
2019-04-01 21:28:02,44.2,50
2019-04-01 21:33:02,41.65,53
2019-04-01 21:37:56,40.8,54
2019-04-01 21:42:56,40.8,54
2019-04-01 21:47:50,40.8,54
2019-04-01 21:52:45,40.8,54
2019-04-01 21:57:40,40.8,54